id	name	native_name	time_period_start	time_period_end	time_period_label	associated_language_ids	writing_systems	political_structure	capital	population	haplogroup_ids	cuisine_id	sources	description
roman-empire	Roman Empire	Imperium Romanum	-27	476	Roman Empire (27 BCE - 476 CE)	["latin"]	["Latin alphabet"]	Empire	Rome	60000000	["R1b","J2","E1b1b"]	roman	["Historical records","Archaeological evidence"]	Ancient Roman civilization centered on the Mediterranean
ancient-greece	Ancient Greece	Ἑλλάς	-800	-146	Classical Greece (800-146 BCE)	["ancient-greek"]	["Greek alphabet"]	City-states	Athens	8000000	["J2","E1b1b","R1b"]	greek	["Ancient texts","Archaeological sites"]	Collection of Greek city-states in classical antiquity
sumerian	Sumer	𒆠𒂗𒄀	-4500	-1900	Sumer (4500-1900 BCE)	["sux"]	["Cuneiform"]	City-states	Ur	500000	["J1","J2"]		["Archaeological evidence","Cuneiform tablets"]	The earliest known civilization in southern Mesopotamia, credited with the invention of writing, the wheel, and early urban society
akkadian-empire	Akkadian Empire		-2334	-2154	Akkadian Empire (2334-2154 BCE)	["akk"]	["Cuneiform"]	Empire	Akkad	1000000	["J1","J2"]		["Cuneiform records","Archaeological evidence"]	First empire in Mesopotamia, uniting Sumerian and Akkadian-speaking peoples under Sargon of Akkad
babylonian-empire	Babylonian Empire		-1894	-539	Babylonian Empire (1894-539 BCE)	["akk"]	["Cuneiform"]	Empire	Babylon	1500000	["J1","J2"]		["Cuneiform tablets","Historical records"]	Mesopotamian civilization centered on Babylon, known for Hammurabi's code of laws and advances in astronomy and mathematics
assyrian-empire	Assyrian Empire		-2500	-609	Assyrian Empire (2500-609 BCE)	["akk"]	["Cuneiform"]	Empire	Nineveh	4000000	["J1","J2"]		["Cuneiform records","Archaeological excavations"]	Powerful Mesopotamian empire known for its military prowess, vast library at Nineveh, and monumental architecture
ancient-egypt	Ancient Egypt	kmt	-3100	-30	Ancient Egypt (3100-30 BCE)	["egy"]	["Hieroglyphs"]	Pharaonic kingdom	Memphis/Thebes	5000000	["E1b1b1a","J1"]		["Hieroglyphic texts","Archaeological evidence"]	One of the longest-lasting civilizations in history, known for pyramids, pharaohs, and advances in writing, medicine, and architecture
persian-empire	Persian Empire (Achaemenid)		-550	-330	Achaemenid Persian Empire (550-330 BCE)	["peo"]	["Old Persian cuneiform"]	Empire	Persepolis	35000000	["J2","R1a"]	iranian	["Historical records","Inscriptions at Persepolis"]	The largest empire of the ancient world, spanning from Egypt to India, known for its tolerance, infrastructure, and administrative innovation
maurya-empire	Maurya Empire		-322	-185	Maurya Empire (322-185 BCE)	["san"]	["Brahmi"]	Empire	Pataliputra	50000000	["H","R1a","L"]	indian	["Arthashastra","Ashoka's edicts"]	First empire to unify most of the Indian subcontinent, known for Emperor Ashoka's promotion of Buddhism and nonviolence
gupta-empire	Gupta Empire		320	550	Gupta Empire (320-550 CE)	["san"]	["Gupta script"]	Empire	Pataliputra	35000000	["H","R1a"]	indian	["Sanskrit texts","Archaeological evidence"]	Golden age of India marked by extraordinary achievements in science, mathematics, astronomy, art, and literature
han-dynasty	Han Dynasty	漢朝	-206	220	Han Dynasty (206 BCE - 220 CE)	["cmn"]	["Chinese characters"]	Empire	Chang'an	60000000	["O3","O2"]	chinese	["Historical records","Sima Qian's Records"]	One of China's golden ages, establishing the Silk Road, civil service examinations, and Confucianism as state ideology
tang-dynasty	Tang Dynasty	唐朝	618	907	Tang Dynasty (618-907 CE)	["cmn"]	["Chinese characters"]	Empire	Chang'an	80000000	["O3","O2"]	chinese	["Historical records","Tang poetry collections"]	Widely regarded as a high point in Chinese civilization and a golden age of cosmopolitan culture, poetry, and trade
mongol-empire	Mongol Empire	Их Монгол Улс	1206	1368	Mongol Empire (1206-1368 CE)	["tur"]	["Uyghur script","Chinese characters"]	Empire	Karakorum	110000000	["C2","O3"]		["The Secret History of the Mongols","Historical records"]	Largest contiguous land empire in history, founded by Genghis Khan, connecting East and West through trade and conquest
ottoman-empire	Ottoman Empire	دولت عليه عثمانیه	1299	1922	Ottoman Empire (1299-1922 CE)	["tur"]	["Ottoman script"]	Empire	Istanbul	35000000	["J2","R1b","E1b1b1a"]	turkish	["Ottoman archives","Historical records"]	Multi-ethnic empire spanning Southeast Europe, Western Asia, and North Africa for over six centuries
byzantine-empire	Byzantine Empire	Βασιλεία Ῥωμαίων	330	1453	Byzantine Empire (330-1453 CE)	["grc"]	["Greek alphabet"]	Empire	Constantinople	26000000	["J2","R1b","E1b1b1a"]	greek	["Byzantine chronicles","Archaeological evidence"]	Eastern continuation of the Roman Empire, preserving Greek culture, Roman law, and Orthodox Christianity for over a millennium
hre	Holy Roman Empire	Heiliges Römisches Reich	800	1806	Holy Roman Empire (800-1806 CE)	["deu"]	["Latin alphabet"]	Federation	varies	30000000	["R1b","I1","R1a"]	german	["Imperial records","Historical documents"]	Complex multi-ethnic political entity in Central Europe, serving as the political framework for German-speaking lands for a millennium
aztec-empire	Aztec Empire	Ēxcān Tlahtōlōyān	1428	1521	Aztec Empire (1428-1521 CE)	["nah"]	["Aztec pictographs"]	Triple Alliance	Tenochtitlan	11000000	["Q1"]	mexican	["Codices","Spanish conquest accounts"]	Mesoamerican civilization known for its monumental architecture, complex calendar systems, and advanced agricultural techniques
inca-empire	Inca Empire	Tawantinsuyu	1438	1533	Inca Empire (1438-1533 CE)	["que"]	["Quipu"]	Empire	Cusco	12000000	["Q1"]	peruvian	["Spanish chronicles","Archaeological evidence"]	Largest empire in pre-Columbian America, renowned for its road system, terraced agriculture, and administrative sophistication
maya-civilization	Maya Civilization		-2000	1697	Maya Civilization (2000 BCE - 1697 CE)	["nah"]	["Maya hieroglyphs"]	City-states	Tikal	10000000	["Q1"]	mexican	["Maya codices","Archaeological sites"]	Mesoamerican civilization known for its advanced writing system, astronomical knowledge, mathematical concepts, and monumental architecture
khmer-empire	Khmer Empire	ចក្រភពខ្មែរ	802	1431	Khmer Empire (802-1431 CE)	["khm"]	["Khmer script"]	Empire	Angkor	2000000	["O2","O1"]	thai	["Inscriptions","Archaeological evidence at Angkor"]	Southeast Asian empire centered on Angkor, builders of the largest religious monument in the world, Angkor Wat
mali-empire	Mali Empire		1235	1600	Mali Empire (1235-1600 CE)	["yor"]	["Arabic script"]	Empire	Niani	20000000	["E1b1a1"]		["Arabic traveler accounts","Oral traditions"]	Wealthy West African empire known for Mansa Musa's legendary pilgrimage and the great center of learning at Timbuktu
songhai-empire	Songhai Empire		1430	1591	Songhai Empire (1430-1591 CE)	["yor"]	["Arabic script"]	Empire	Gao	15000000	["E1b1a1"]		["Arabic sources","Timbuktu manuscripts"]	Largest empire in African history, succeeding Mali, with Timbuktu as a major intellectual and trade center
great-zimbabwe	Great Zimbabwe		1100	1450	Great Zimbabwe (1100-1450 CE)	["swh"]	["None"]	Kingdom	Great Zimbabwe	500000	["E1b1a1"]		["Archaeological evidence","Portuguese accounts"]	Medieval African kingdom known for its massive stone enclosures, long-distance trade networks, and cattle-based economy
carthage	Carthage	Qart-hadašt	-814	-146	Carthage (814-146 BCE)	["arc"]	["Phoenician alphabet"]	Republic	Carthage	700000	["J2","E1b1b1a"]		["Roman historical records","Archaeological evidence"]	Powerful maritime civilization in North Africa, major rival of Rome in the Punic Wars
phoenicia	Phoenicia	𐤊𐤍𐤏𐤍	-1500	-539	Phoenicia (1500-539 BCE)	["arc"]	["Phoenician alphabet"]	City-states	Tyre	1000000	["J2"]		["Ancient texts","Archaeological evidence"]	Maritime trading civilization that invented the alphabet, established colonies across the Mediterranean including Carthage
indus-valley	Indus Valley Civilization		-3300	-1300	Indus Valley Civilization (3300-1300 BCE)	["hin"]	["Undeciphered"]	City-states	Mohenjo-daro	5000000	["H","L","R1a"]	indian	["Archaeological evidence","Seal inscriptions"]	One of the earliest urban civilizations, known for advanced city planning, drainage systems, and standardized weights and measures
shang-dynasty	Shang Dynasty	商朝	-1600	-1046	Shang Dynasty (1600-1046 BCE)	["cmn"]	["Oracle bone script"]	Kingdom	Yin	10000000	["O3"]	chinese	["Oracle bone inscriptions","Bronze artifacts"]	Earliest archaeologically verified Chinese dynasty, known for bronze casting, oracle bone divination, and early Chinese writing
hittite-empire	Hittite Empire	𒄩𒀜𒌅𒊭	-1600	-1178	Hittite Empire (1600-1178 BCE)	["hit"]	["Cuneiform","Anatolian hieroglyphs"]	Empire	Hattusa	3000000	["J2","G2a"]		["Cuneiform tablets","Archaeological evidence at Hattusa"]	Anatolian empire that rivaled Egypt, known for early iron use, diplomatic treaties, and one of the earliest known Indo-European languages
umayyad-caliphate	Umayyad Caliphate	الخلافة الأموية	661	750	Umayyad Caliphate (661-750 CE)	["arb"]	["Arabic script"]	Caliphate	Damascus	62000000	["J1","E1b1b1a"]		["Islamic historical sources","Archaeological evidence"]	Second of the four major caliphates, expanding the Islamic world from Spain to Central Asia and establishing Arabic as the administrative language
abbasid-caliphate	Abbasid Caliphate	الخلافة العباسية	750	1258	Abbasid Caliphate (750-1258 CE)	["arb"]	["Arabic script"]	Caliphate	Baghdad	50000000	["J1","J2"]		["Islamic Golden Age texts","Historical records"]	Islamic Golden Age caliphate centered on Baghdad, fostering major advances in science, medicine, mathematics, and philosophy
viking-territories	Viking Territories	Vikingr	793	1066	Viking Age (793-1066 CE)	["non"]	["Runes"]	Chiefdoms	varies	2000000	["I1","R1b"]		["Sagas","Runic inscriptions","Archaeological finds"]	Norse seafaring peoples who explored, traded, and raided across Europe, the North Atlantic, and beyond
celtic-territories	Celtic Territories		-800	43	Celtic Territories (800 BCE - 43 CE)	["gle","cym"]	["Ogham"]	Tribal confederations	varies	5000000	["R1b"]		["Roman accounts","Archaeological evidence"]	Diverse group of tribal societies across Europe known for distinctive art, metalwork, and oral traditions
mughal-empire	Mughal Empire	مغلیہ سلطنت	1526	1857	Mughal Empire (1526-1857 CE)	["fas","hin"]	["Persian script","Arabic script"]	Empire	Delhi	150000000	["R1a","J2","L"]	indian	["Mughal chronicles","Architectural evidence"]	Islamic empire in the Indian subcontinent known for cultural synthesis, architectural masterpieces like the Taj Mahal, and administrative reforms
sasanian-empire	Sasanian Empire	شاهنشاهی ساسانیان	224	651	Sasanian Empire (224-651 CE)	["fas"]	["Pahlavi script"]	Empire	Ctesiphon	20000000	["J2","R1a"]	iranian	["Sasanian inscriptions","Historical records"]	Last pre-Islamic Persian empire, known for its cultural and artistic achievements, Zoroastrian state religion, and rivalry with Rome and Byzantium
