id	name	category	origin_region	origin_coordinates	trade_routes	time_period	economic_significance	associated_languages
tg-001	Silk	textile	China	{"lat":34.26,"lng":108.94}	["silk-road","malay-archipelago-trade"]	-3000 to 1500	Luxury textile that drove transcontinental trade; basis of the Silk Road economy	["cmn","fas","arb","grc","lat"]
tg-002	Black Pepper	spice	India (Malabar Coast)	{"lat":10.85,"lng":76.27}	["spice-trade","arab-indian-ocean","malay-archipelago-trade"]	-2000 to present	Called "black gold"; most traded spice in history; drove European Age of Exploration	["mal","tam","arb","por","nld"]
tg-003	Cinnamon	spice	Sri Lanka	{"lat":7.87,"lng":80.77}	["spice-trade","arab-indian-ocean","portuguese-maritime"]	-2000 to present	One of the earliest traded spices; highly valued in ancient Egypt and Rome	["sin","tam","arb","por","nld"]
tg-004	Clove	spice	Maluku Islands	{"lat":-0.79,"lng":127.38}	["spice-trade","malay-archipelago-trade","portuguese-maritime"]	-200 to present	Extremely valuable spice monopolized by successive colonial powers	["msa","por","nld","eng"]
tg-005	Nutmeg	spice	Banda Islands	{"lat":-4.52,"lng":129.89}	["spice-trade","malay-archipelago-trade","portuguese-maritime"]	100 to present	Once worth more than gold by weight; cause of colonial wars over Banda Islands	["msa","por","nld","eng"]
tg-006	Gold	metal	Multiple origins	{"lat":6.69,"lng":-1.62}	["trans-saharan-trade","phoenician-trade","silk-road","portuguese-maritime"]	-5000 to present	Universal store of value; primary driver of trans-Saharan and colonial trade	["arb","hau","aka","por","spa","lat"]
tg-007	Silver	metal	Laurion/Potosí	{"lat":37.73,"lng":24.05}	["phoenician-trade","silk-road","european-atlantic"]	-3000 to present	Primary currency metal; Spanish silver from Americas transformed global economy	["grc","lat","spa","cmn","jpn"]
tg-008	Tin	metal	Cornwall/Southeast Asia	{"lat":50.27,"lng":-5.05}	["phoenician-trade","amber-road"]	-3000 to -500	Essential for bronze production; scarcity drove long-distance trade networks	["cor","grc","lat","msa"]
tg-009	Copper	metal	Cyprus/Andes	{"lat":35.13,"lng":33.43}	["phoenician-trade","silk-road"]	-5000 to present	Foundation of Bronze Age economy; Cyprus named for copper (cuprum)	["grc","lat","arb","tur"]
tg-010	Amber	luxury	Baltic Coast	{"lat":54.70,"lng":20.51}	["amber-road","viking-expansion"]	-3000 to present	Precious resin traded from Baltic to Mediterranean; defined the Amber Road	["lit","lav","deu","lat","grc"]
tg-011	Frankincense	spice	Southern Arabia/Horn of Africa	{"lat":15.36,"lng":44.19}	["incense-route","arab-indian-ocean"]	-3000 to present	Sacred resin central to religious rituals across civilizations; drove Arabian wealth	["arb","som","amh","grc","lat"]
tg-012	Myrrh	spice	Southern Arabia/Horn of Africa	{"lat":12.78,"lng":45.04}	["incense-route","arab-indian-ocean"]	-3000 to present	Aromatic resin used in medicine, embalming, and religious ceremonies	["arb","som","amh","grc","lat","heb"]
tg-013	Ivory	luxury	Sub-Saharan Africa/India	{"lat":-1.29,"lng":36.82}	["trans-saharan-trade","arab-indian-ocean","atlantic-slave-trade"]	-3000 to 1900	High-value luxury material; trade linked closely to slave trade routes	["swa","arb","hin","por","eng"]
tg-014	Salt	grain	Sahara/Mediterranean	{"lat":20.46,"lng":-0.05}	["trans-saharan-trade","phoenician-trade"]	-6000 to present	Essential commodity; "worth its weight in gold" in sub-Saharan Africa	["arb","hau","bam","lat","ber"]
tg-015	Tea	grain	China (Yunnan)	{"lat":25.04,"lng":102.71}	["silk-road","malay-archipelago-trade","european-atlantic"]	-2700 to present	World's most consumed beverage after water; drove British colonial expansion	["cmn","jpn","hin","eng","por"]
tg-016	Coffee	grain	Ethiopia (Kaffa)	{"lat":7.07,"lng":36.24}	["arab-indian-ocean","european-atlantic"]	1400 to present	Transformed social culture globally; second most traded commodity after oil	["amh","arb","tur","nld","por"]
tg-017	Sugar	grain	India/New Guinea	{"lat":26.85,"lng":80.91}	["arab-expansion","european-atlantic","atlantic-slave-trade"]	-500 to present	"White gold" that drove plantation slavery and reshaped demographics of Americas	["hin","arb","por","spa","eng","fra"]
tg-018	Cotton	textile	India (Indus Valley)	{"lat":27.17,"lng":68.85}	["silk-road","arab-indian-ocean","atlantic-slave-trade"]	-5000 to present	Revolutionized textile industry; cotton trade linked to slavery and industrialization	["hin","arb","eng","cmn"]
tg-019	Wool	textile	Mesopotamia	{"lat":33.31,"lng":44.37}	["silk-road","viking-expansion","amber-road"]	-4000 to present	Staple textile of temperate civilizations; English wool trade built medieval economy	["arb","fas","eng","spa","lat"]
tg-020	Horses	animal	Central Asian Steppe	{"lat":48.02,"lng":66.92}	["silk-road","mongol-conquests","turkic-migrations"]	-4000 to present	Revolutionized warfare and transport; Mongol Empire built on horse mastery	["mon","fas","arb","tur","cmn"]
tg-021	Porcelain	luxury	China (Jingdezhen)	{"lat":29.30,"lng":117.20}	["silk-road","malay-archipelago-trade","portuguese-maritime"]	200 to present	"White gold" of trade; Chinese monopoly for centuries shaped global commerce	["cmn","jpn","arb","por","nld"]
tg-022	Obsidian	metal	Anatolia/Mesoamerica	{"lat":38.63,"lng":34.83}	["phoenician-trade"]	-7000 to -1000	Earliest long-distance traded commodity; volcanic glass prized for tools and weapons	["grc","lat","tur","nah"]
tg-023	Lapis Lazuli	luxury	Afghanistan (Badakhshan)	{"lat":36.72,"lng":70.81}	["silk-road","incense-route"]	-7000 to present	Prized blue stone traded across ancient world; source of ultramarine pigment	["fas","arb","san","lat","egy"]
tg-024	Jade	luxury	Myanmar/China/Mesoamerica	{"lat":25.37,"lng":96.48}	["silk-road","malay-archipelago-trade"]	-6000 to present	Sacred stone in Chinese and Mesoamerican cultures; "stone of heaven"	["cmn","mya","nah","myn"]
tg-025	Incense	spice	Arabia/India	{"lat":17.02,"lng":54.09}	["incense-route","arab-indian-ocean","silk-road"]	-3000 to present	Sacred aromatic resins essential to religious practices across civilizations	["arb","san","hin","grc","lat"]
tg-026	Spice Mix (Garam Masala)	spice	India	{"lat":28.61,"lng":77.21}	["spice-trade","arab-indian-ocean","silk-road"]	-1000 to present	Complex spice blends that defined Indian cuisine and drove spice trade	["hin","urd","tam","arb","eng"]
tg-027	Indigo	luxury	India	{"lat":22.57,"lng":88.36}	["spice-trade","arab-indian-ocean","atlantic-slave-trade"]	-4000 to present	Most important natural dye; Indian indigo monopoly drove colonial plantation systems	["hin","ben","arb","por","eng"]
tg-028	Sandalwood	spice	India/Southeast Asia	{"lat":12.97,"lng":77.59}	["spice-trade","arab-indian-ocean","malay-archipelago-trade"]	-2000 to present	Fragrant wood prized for incense, medicine, and carving across Asia	["san","hin","tam","arb","msa"]
tg-029	Camphor	spice	Borneo/Japan	{"lat":1.49,"lng":110.35}	["malay-archipelago-trade","arab-indian-ocean"]	500 to present	Aromatic compound highly valued in Chinese and Islamic medicine	["msa","cmn","jpn","arb"]
tg-030	Slaves	luxury	Multiple origins	{"lat":6.52,"lng":3.38}	["atlantic-slave-trade","trans-saharan-trade","viking-east","arab-indian-ocean"]	-3000 to 1900	Forced human labor trade that shaped demographics, economies, and cultures globally	["yor","ibo","swa","arb","por","eng","fra","spa"]
tg-031	Furs	animal	Northern Eurasia/North America	{"lat":55.75,"lng":37.62}	["viking-expansion","viking-east","silk-road"]	-2000 to 1800	Luxury pelts that drove Russian expansion into Siberia and French/British colonization of North America	["rus","fin","fra","eng","oji"]
tg-032	Gems (Rubies)	luxury	Myanmar/Sri Lanka	{"lat":22.90,"lng":96.43}	["silk-road","spice-trade","malay-archipelago-trade"]	-2500 to present	Precious gemstones traded across Asia; Myanmar rubies the most prized	["mya","sin","tam","arb","fas"]
tg-033	Iron	metal	Anatolia/Sub-Saharan Africa	{"lat":39.93,"lng":32.86}	["trans-saharan-trade","phoenician-trade","silk-road"]	-1200 to present	Revolutionary metal that transformed warfare and agriculture; defined an age	["hit","grc","lat","arb","swa"]
tg-034	Rice	grain	China (Yangtze Valley)	{"lat":30.25,"lng":120.17}	["silk-road","malay-archipelago-trade","austronesian-expansion"]	-8000 to present	Staple food for half of humanity; rice paddy culture shaped Asian civilizations	["cmn","jpn","kor","tha","msa","hin"]
tg-035	Papyrus	luxury	Egypt (Nile Delta)	{"lat":30.05,"lng":31.23}	["phoenician-trade","incense-route"]	-3000 to 800	Writing material that enabled record-keeping; Egyptian monopoly for millennia	["egy","cop","grc","lat","arb"]
tg-036	Wine	grain	Caucasus/Mediterranean	{"lat":41.72,"lng":44.79}	["phoenician-trade","silk-road","viking-expansion"]	-6000 to present	Cultural beverage central to Mediterranean civilizations; Phoenicians spread viticulture	["kat","grc","lat","fra","spa","ita"]
tg-037	Cowrie Shells	luxury	Maldives/Indian Ocean	{"lat":4.17,"lng":73.51}	["arab-indian-ocean","trans-saharan-trade","malay-archipelago-trade"]	-1000 to 1900	Universal currency across Africa and Asia; most widely used shell money in history	["div","arb","swa","hau","cmn"]
tg-038	Opium	spice	Mesopotamia/India	{"lat":33.31,"lng":44.37}	["silk-road","arab-indian-ocean","european-asia-colonization"]	-3400 to present	Medicinal and recreational drug; opium trade triggered wars and shaped colonial politics	["arb","fas","hin","cmn","eng"]
tg-039	Rubber	luxury	Amazon Basin	{"lat":-3.12,"lng":-60.02}	["european-atlantic"]	1736 to present	Essential industrial material; rubber boom reshaped Amazon region and Congo	["por","spa","eng","fra","lin"]
tg-040	Tobacco	grain	Americas	{"lat":19.43,"lng":-99.13}	["european-atlantic","atlantic-slave-trade"]	1500 to present	New World crop that became globally addictive; tobacco trade drove colonial economies	["nah","eng","spa","por","fra"]
tg-041	Cocoa	grain	Mesoamerica	{"lat":17.98,"lng":-92.93}	["european-atlantic","atlantic-slave-trade"]	-1900 to present	Sacred Mesoamerican crop; chocolate became luxury European commodity	["nah","myn","spa","por","eng","fra"]
tg-042	Diamonds	luxury	India/Southern Africa	{"lat":24.58,"lng":80.83}	["spice-trade","arab-indian-ocean","european-atlantic"]	-400 to present	Hardest natural substance; Indian diamond trade ancient, South African diamonds transformed global market	["hin","arb","por","nld","eng","afr"]
tg-043	Turmeric	spice	India	{"lat":13.08,"lng":80.27}	["spice-trade","arab-indian-ocean","malay-archipelago-trade"]	-3000 to present	Golden spice with culinary, medicinal, and ceremonial uses; staple of Indian trade	["tam","hin","arb","msa"]
tg-044	Saffron	spice	Iran/Kashmir	{"lat":34.08,"lng":74.79}	["silk-road","arab-expansion"]	-3000 to present	Most expensive spice by weight; labor-intensive harvest from crocus flowers	["fas","arb","kas","spa","grc"]
tg-045	Pearls	luxury	Persian Gulf/Japan	{"lat":26.07,"lng":50.55}	["arab-indian-ocean","silk-road","spice-trade"]	-2500 to present	Prized oceanic gems; Persian Gulf pearl diving sustained Arabian Gulf economies for millennia	["arb","fas","jpn","tam","eng"]
