id	name	region	coordinates	boundary_geometry	time_period_start	time_period_end	time_period_label	subsistence_pattern	pottery_style	burial_practices	material_culture_traits	probable_language_family	probable_haplogroups	predecessor_culture_ids	successor_culture_ids	confidence	sources	description	wikidata_qid	source_url	retrieved_at
natufian	Natufian	Levant	{"lat":31.8,"lng":35.2}	{"type":"Polygon","coordinates":[[[34.0,30.5],[36.5,30.5],[36.5,33.5],[34.0,33.5],[34.0,30.5]]]}	-12500	-9500	12500-9500 BCE	hunting-gathering with early cultivation	none	flexed burials with grave goods	stone tools, sickle blades, mortars	Afroasiatic (speculative)	["E1b1b","J1"]	[]	["ppna"]	85	["Bar-Yosef 1998","Belfer-Cohen & Bar-Yosef 2000"]	Semi-sedentary hunter-gatherers of the Levant, among the earliest to cultivate wild cereals.			
ppna	Pre-Pottery Neolithic A	Levant	{"lat":31.9,"lng":35.4}	{"type":"Polygon","coordinates":[[[34.0,30.0],[37.0,30.0],[37.0,34.0],[34.0,34.0],[34.0,30.0]]]}	-9500	-8500	9500-8500 BCE	early agriculture	none	skulls plastered and decorated	monumental architecture, early cultivation	Afroasiatic (speculative)	["J1","J2"]	["natufian"]	["ppnb"]	80	["Kenyon 1957","Kuijt & Goring-Morris 2002"]	Earliest Neolithic culture in the Levant with monumental architecture at Jericho.	Q1047444	https://www.wikidata.org/entity/Q1047444	2026-07-13
ppnb	Pre-Pottery Neolithic B	Levant and Anatolia	{"lat":33.0,"lng":36.0}	{"type":"Polygon","coordinates":[[[33.0,29.0],[42.0,29.0],[42.0,38.0],[33.0,38.0],[33.0,29.0]]]}	-8500	-7000	8500-7000 BCE	agriculture and herding	none	skull removal and plastering	rectangular mud-brick houses, long-distance obsidian trade	unknown	["J2","G2a"]	["ppna"]	["pottery-neolithic"]	80	["Rollefson 1989","Cauvin 2000"]	Expansion of farming communities across the Fertile Crescent with long-distance trade networks.	Q897323	https://www.wikidata.org/entity/Q897323	2026-07-13
catalhoyuk	Catalhoyuk Culture	Central Anatolia	{"lat":37.67,"lng":32.83}	{"type":"Polygon","coordinates":[[[31.0,36.5],[34.5,36.5],[34.5,38.5],[31.0,38.5],[31.0,36.5]]]}	-7500	-5700	7500-5700 BCE	agriculture and herding	early painted pottery	intramural burials beneath floors	wall paintings, bull symbolism, obsidian tools	unknown	["G2a","J2"]	["ppnb"]	[]	85	["Hodder 2006","Mellaart 1967"]	One of the earliest proto-urban settlements with rich symbolic art and dense habitation.			
yangshao	Yangshao	Yellow River, China	{"lat":34.5,"lng":109.0}	{"type":"Polygon","coordinates":[[[104.0,33.0],[113.0,33.0],[113.0,37.0],[104.0,37.0],[104.0,33.0]]]}	-5000	-3000	5000-3000 BCE	millet agriculture	painted pottery with geometric designs	urn burials for children	painted ceramics, stone tools, silk production	Sino-Tibetan (speculative)	["O2"]	[]	["longshan"]	75	["Liu & Chen 2012","Chang 1986"]	Major Neolithic culture of northern China known for distinctive painted pottery.			
longshan	Longshan	Eastern China	{"lat":36.5,"lng":117.0}	{"type":"Polygon","coordinates":[[[114.0,34.0],[121.0,34.0],[121.0,38.0],[114.0,38.0],[114.0,34.0]]]}	-3000	-1900	3000-1900 BCE	intensive agriculture	black burnished pottery (eggshell ware)	stratified burials indicating social hierarchy	walled settlements, jade working, scapulimancy	Sino-Tibetan (speculative)	["O2"]	["yangshao"]	[]	75	["Underhill 2002","Liu & Chen 2012"]	Late Neolithic culture showing early social stratification and proto-urban development.			
vincha	Vinca	Balkans	{"lat":44.7,"lng":20.6}	{"type":"Polygon","coordinates":[[[18.0,42.0],[24.0,42.0],[24.0,46.0],[18.0,46.0],[18.0,42.0]]]}	-5500	-4500	5500-4500 BCE	agriculture	dark burnished pottery with incised designs	contracted burials	Vinca symbols (possible proto-writing), copper smelting, figurines	Pre-Indo-European	["I2a","G2a"]	[]	["cucuteni-trypillia"]	80	["Chapman 1981","Whittle 1996"]	Major Neolithic-Chalcolithic culture of southeastern Europe with early copper metallurgy and enigmatic symbols.			
cucuteni-trypillia	Cucuteni-Trypillia	Romania-Ukraine	{"lat":47.5,"lng":28.0}	{"type":"Polygon","coordinates":[[[24.0,45.0],[33.0,45.0],[33.0,50.0],[24.0,50.0],[24.0,45.0]]]}	-5500	-2750	5500-2750 BCE	agriculture	elaborate painted pottery	unknown burial practices	mega-settlements (up to 15,000 people), ritual house burning, figurines	Pre-Indo-European	["I2a","G2a","E1b1b"]	["vincha"]	[]	80	["Anthony 2007","Videiko 1996"]	Created some of the largest settlements in the world at the time, with elaborate painted ceramics.			
yamnaya	Yamnaya	Pontic-Caspian Steppe	{"lat":47.0,"lng":38.0}	{"type":"Polygon","coordinates":[[[30.0,44.0],[50.0,44.0],[50.0,52.0],[30.0,52.0],[30.0,44.0]]]}	-3300	-2600	3300-2600 BCE	pastoral nomadism	simple coarse pottery	pit graves (kurgan burials) with ochre	wagons, horse domestication, kurgan burials	Proto-Indo-European	["R1b","R1a"]	[]	["corded-ware","bell-beaker"]	90	["Anthony 2007","Haak et al. 2015"]	Steppe pastoralists strongly associated with the spread of Proto-Indo-European languages across Europe.			
corded-ware	Corded Ware	Northern and Central Europe	{"lat":52.0,"lng":15.0}	{"type":"Polygon","coordinates":[[[5.0,47.0],[30.0,47.0],[30.0,58.0],[5.0,58.0],[5.0,47.0]]]}	-2900	-2350	2900-2350 BCE	mixed farming and herding	cord-impressed pottery	single burials with battle axes	battle axes, cord-decorated beakers, single-grave tradition	Indo-European (Balto-Slavic/Germanic ancestors)	["R1a","R1b"]	["yamnaya"]	[]	85	["Kristiansen 2005","Furholt 2014"]	Widespread European culture linked to Indo-European expansion from the steppe.			
bell-beaker	Bell Beaker	Western and Central Europe	{"lat":48.0,"lng":2.0}	{"type":"Polygon","coordinates":[[[-10.0,35.0],[20.0,35.0],[20.0,55.0],[-10.0,55.0],[-10.0,35.0]]]}	-2800	-1800	2800-1800 BCE	mixed farming	distinctive bell-shaped beakers	individual burials with standardized grave goods	copper daggers, archery equipment, gold ornaments	Indo-European (Celtic/Italic ancestors)	["R1b"]	["yamnaya"]	[]	85	["Olalde et al. 2018","Vander Linden 2006"]	Pan-European phenomenon associated with the spread of metallurgy and possibly Celtic/Italic languages.			
clovis	Clovis	North America	{"lat":35.0,"lng":-105.0}	{"type":"Polygon","coordinates":[[[-120.0,25.0],[-70.0,25.0],[-70.0,50.0],[-120.0,50.0],[-120.0,25.0]]]}	-11500	-10800	11500-10800 BCE	big-game hunting	none	very few known burials	distinctive fluted projectile points, megafauna hunting	unknown (pre-Na-Dene/Amerind)	["Q1a"]	[]	["folsom"]	90	["Waters & Stafford 2007","Meltzer 2009"]	Earliest widespread culture in the Americas, known for distinctive fluted spear points.			
folsom	Folsom	North America	{"lat":36.5,"lng":-104.0}	{"type":"Polygon","coordinates":[[[-115.0,30.0],[-95.0,30.0],[-95.0,48.0],[-115.0,48.0],[-115.0,30.0]]]}	-10800	-9800	10800-9800 BCE	bison hunting	none	unknown	finely fluted points (smaller than Clovis), bison hunting specialization	unknown	["Q1a"]	["clovis"]	[]	85	["Meltzer 2006","Frison 1991"]	Successor to Clovis, specialized in bison hunting on the Great Plains.			
jomon	Jomon	Japan	{"lat":36.0,"lng":139.0}	{"type":"Polygon","coordinates":[[[129.0,30.0],[146.0,30.0],[146.0,45.0],[129.0,45.0],[129.0,30.0]]]}	-14000	-300	14000-300 BCE	hunting, fishing, gathering	world's oldest pottery (cord-marked)	pit burials, stone circles	cord-marked pottery, lacquerware, dogu figurines	Japonic (speculative) or pre-Japonic	["D1a2a","C1a1"]	[]	["yayoi"]	85	["Habu 2004","Keally 2009"]	One of the world's earliest pottery-making cultures with a sophisticated hunter-gatherer economy lasting over 13,000 years.			
lapita	Lapita	Oceania	{"lat":-6.0,"lng":155.0}	{"type":"Polygon","coordinates":[[[140.0,-25.0],[180.0,-25.0],[180.0,0.0],[140.0,0.0],[140.0,-25.0]]]}	-1600	-500	1600-500 BCE	horticulture and fishing	dentate-stamped pottery	unknown	distinctive pottery, obsidian tools, shell ornaments	Austronesian	["O1a","O2"]	[]	[]	85	["Kirch 1997","Spriggs 1997"]	Ancestral culture of Polynesian, Melanesian, and Micronesian peoples, known for long-distance oceanic voyaging.	Q1021436	https://www.wikidata.org/entity/Q1021436	2026-07-13
mehrgarh	Mehrgarh	Balochistan	{"lat":29.4,"lng":67.6}	{"type":"Polygon","coordinates":[[[66.0,28.0],[69.0,28.0],[69.0,31.0],[66.0,31.0],[66.0,28.0]]]}	-7000	-2500	7000-2500 BCE	agriculture (wheat, barley) and herding	early painted pottery	flexed burials with grave goods	mud-brick architecture, dental drilling, cotton cultivation	unknown (Pre-Dravidian?)	["J2","L"]	[]	["indus-valley"]	85	["Jarrige 1995","Possehl 1999"]	One of the earliest farming communities in South Asia, precursor to the Indus Valley Civilization.			
indus-valley	Indus Valley (Harappan)	South Asia	{"lat":27.0,"lng":68.0}	{"type":"Polygon","coordinates":[[[66.0,23.0],[76.0,23.0],[76.0,32.0],[66.0,32.0],[66.0,23.0]]]}	-3300	-1300	3300-1300 BCE	agriculture, trade	distinctive painted pottery	extended burials with few goods	urban planning, standardized weights, undeciphered script, sewage systems	unknown (possibly Dravidian)	["J2","L","R2"]	["mehrgarh"]	[]	90	["Kenoyer 1998","Possehl 2002"]	Major Bronze Age civilization with sophisticated urban planning, writing, and trade networks.			
nok	Nok	West Africa (Nigeria)	{"lat":9.5,"lng":8.0}	{"type":"Polygon","coordinates":[[[6.0,7.0],[10.0,7.0],[10.0,11.0],[6.0,11.0],[6.0,7.0]]]}	-1500	200	1500 BCE - 200 CE	agriculture	unknown	unknown	terracotta sculptures, early iron smelting	Niger-Congo (Benue-Congo)	["E1b1a"]	[]	[]	70	["Fagg 1990","Breunig 2014"]	Known for remarkable terracotta sculptures and early iron smelting in sub-Saharan Africa.			
olmec	Olmec	Mesoamerica	{"lat":17.8,"lng":-95.0}	{"type":"Polygon","coordinates":[[[-96.0,17.0],[-93.0,17.0],[-93.0,19.0],[-96.0,19.0],[-96.0,17.0]]]}	-1500	-400	1500-400 BCE	agriculture (maize)	distinctive pottery with jaguar motifs	unknown	colossal stone heads, jade working, early writing, ball game	Mixe-Zoquean	["Q1a"]	[]	[]	85	["Diehl 2004","Pool 2007"]	Mother culture of Mesoamerica, creators of the colossal basalt heads and early writing systems.			
linearbandk	Linear Pottery (LBK)	Central Europe	{"lat":50.0,"lng":12.0}	{"type":"Polygon","coordinates":[[[5.0,46.0],[22.0,46.0],[22.0,53.0],[5.0,53.0],[5.0,46.0]]]}	-5500	-4500	5500-4500 BCE	agriculture (wheat, barley, cattle)	linear-incised pottery	flexed burials, some mass graves	longhouses, polished stone tools, Spondylus shell ornaments	Pre-Indo-European	["G2a","I2a"]	[]	[]	85	["Bogucki 1988","Gronenborn 1999"]	First farming culture to colonize Central Europe from the Balkans, bringing Neolithic agriculture.			
funnel-beaker	Funnel Beaker (TRB)	Northern Europe	{"lat":55.0,"lng":12.0}	{"type":"Polygon","coordinates":[[[5.0,50.0],[20.0,50.0],[20.0,60.0],[5.0,60.0],[5.0,50.0]]]}	-4300	-2800	4300-2800 BCE	mixed farming	funnel-necked beakers	megalithic tombs (dolmens, passage graves)	megaliths, amber trade, cattle-based economy	Pre-Indo-European	["I2a","I1"]	["linearbandk"]	["corded-ware"]	80	["Midgley 1992","Müller 2011"]	Northern European Neolithic culture responsible for building many of the region's megalithic tombs.			
caral-supe	Caral-Supe	Peru	{"lat":-10.9,"lng":-77.5}	{"type":"Polygon","coordinates":[[[-78.0,-12.0],[-77.0,-12.0],[-77.0,-10.0],[-78.0,-10.0],[-78.0,-12.0]]]}	-3000	-1800	3000-1800 BCE	agriculture and fishing	no pottery	unknown	monumental pyramids, quipu (knotted strings), no ceramics	unknown	["Q1a"]	[]	[]	80	["Shady Solis 2006","Haas & Creamer 2006"]	One of the oldest urban centers in the Americas, contemporary with Egyptian pyramids but without pottery or writing.			
ubaid	Ubaid	Mesopotamia	{"lat":31.0,"lng":46.0}	{"type":"Polygon","coordinates":[[[42.0,29.0],[48.0,29.0],[48.0,34.0],[42.0,34.0],[42.0,29.0]]]}	-6500	-3800	6500-3800 BCE	irrigation agriculture	painted pottery with geometric designs	extended burials	irrigation canals, multi-room mud-brick houses, early temples	Sumerian (speculative) or Pre-Sumerian	["J1","J2"]	["ppnb"]	["uruk"]	80	["Stein & Özbal 2007","Carter & Philip 2010"]	Proto-urban culture of southern Mesopotamia that laid the foundations for Sumerian civilization.			
uruk	Uruk	Mesopotamia	{"lat":31.3,"lng":45.6}	{"type":"Polygon","coordinates":[[[42.0,29.0],[49.0,29.0],[49.0,35.0],[42.0,35.0],[42.0,29.0]]]}	-4000	-3100	4000-3100 BCE	intensive irrigation agriculture	mass-produced pottery (beveled-rim bowls)	elaborate elite burials	earliest writing (cuneiform), cylinder seals, monumental temples	Sumerian	["J1","J2"]	["ubaid"]	[]	90	["Algaze 2008","Nissen 2001"]	World's first urban civilization, birthplace of writing and complex bureaucracy.			
gobekli-tepe	Gobekli Tepe Builders	Upper Mesopotamia	{"lat":37.2,"lng":38.9}	{"type":"Polygon","coordinates":[[[37.0,36.0],[40.0,36.0],[40.0,38.0],[37.0,38.0],[37.0,36.0]]]}	-9500	-8000	9500-8000 BCE	hunting-gathering	none	unknown	monumental carved T-shaped pillars, animal reliefs	unknown	["J2","G2a"]	[]	["ppnb"]	85	["Schmidt 2006","Dietrich et al. 2012"]	Builders of the world's oldest known monumental architecture, predating agriculture.			
kerma	Kerma	Upper Nubia (Sudan)	{"lat":19.6,"lng":30.4}	{"type":"Polygon","coordinates":[[[29.0,17.0],[33.0,17.0],[33.0,22.0],[29.0,22.0],[29.0,17.0]]]}	-2500	-1500	2500-1500 BCE	agriculture and cattle herding	distinctive tulip-shaped beakers	massive tumulus burials with sacrificial retainers	monumental mud-brick architecture (deffufa), bronze working	Nilo-Saharan (speculative)	["E1b1b","A"]	[]	[]	80	["Bonnet 1990","Edwards 2004"]	Major Nubian kingdom contemporary with and rival to Egypt's Middle Kingdom.			
ban-chiang	Ban Chiang	Southeast Asia (Thailand)	{"lat":17.4,"lng":103.2}	{"type":"Polygon","coordinates":[[[101.0,15.0],[105.0,15.0],[105.0,19.0],[101.0,19.0],[101.0,15.0]]]}	-3600	-200	3600 BCE - 200 CE	rice agriculture	distinctive red-painted pottery	burials with pottery and bronze goods	early bronze working, painted pottery, rice cultivation	Austroasiatic (speculative)	["O1b","O2"]	[]	[]	75	["White 2008","Higham 2002"]	Important prehistoric site demonstrating early metallurgy and rice cultivation in Southeast Asia.			
a-group-culture	A-Group culture															80	["Wikidata"]	Archaeological culture recorded in Wikidata.	Q277797	http://www.wikidata.org/entity/Q277797	2026-07-08T10:47:54.206Z
abashevo-culture	Abashevo culture															80	["Wikidata"]	Archaeological culture recorded in Wikidata.	Q305628	http://www.wikidata.org/entity/Q305628	2026-07-08T10:47:54.206Z
abbevillian	Abbevillian															80	["Wikidata"]	Archaeological culture recorded in Wikidata.	Q306350	http://www.wikidata.org/entity/Q306350	2026-07-08T10:47:54.206Z
acheulean	Acheulean													["oldowan"]	["mousterian"]	80	["Wikidata"]	Archaeological culture recorded in Wikidata.	Q210774	http://www.wikidata.org/entity/Q210774	2026-07-08T10:47:54.206Z
adena-culture	Adena culture		{"lat":38.0725,"lng":-83.950833333}													80	["Wikidata"]	Archaeological culture recorded in Wikidata.	Q355841	http://www.wikidata.org/entity/Q355841	2026-07-08T10:47:54.206Z
aegean-civilization	Aegean civilization															80	["Wikidata"]	Archaeological culture recorded in Wikidata.	Q192530	http://www.wikidata.org/entity/Q192530	2026-07-08T10:47:54.206Z
afanasevo-culture	Afanasevo culture														["andronovo-culture","okunev-culture"]	80	["Wikidata"]	Archaeological culture recorded in Wikidata.	Q80974	http://www.wikidata.org/entity/Q80974	2026-07-08T10:47:54.206Z
ahrensburg-culture	Ahrensburg culture													["creswellian-culture"]	["fosna-hensbacka-culture"]	80	["Wikidata"]	Archaeological culture recorded in Wikidata.	Q402743	http://www.wikidata.org/entity/Q402743	2026-07-08T10:47:54.206Z
amratian-culture	Amratian culture														["gerzeh-culture"]	80	["Wikidata"]	Archaeological culture recorded in Wikidata.	Q962354	http://www.wikidata.org/entity/Q962354	2026-07-08T10:47:54.206Z
anau-namazga-culture	Anau Namazga culture															80	["Wikidata"]	Archaeological culture recorded in Wikidata.	Q12818208	http://www.wikidata.org/entity/Q12818208	2026-07-08T10:47:54.206Z
ancestral-puebloans-culture	Ancestral Puebloans															80	["Wikidata"]	Archaeological culture recorded in Wikidata.	Q478805	http://www.wikidata.org/entity/Q478805	2026-07-08T10:47:54.206Z
andronovo-culture	Andronovo culture		{"lat":55.883333,"lng":55.7}											["afanasevo-culture","corded-ware-culture","seima-turbino-culture"]		80	["Wikidata"]	Archaeological culture recorded in Wikidata.	Q459376	http://www.wikidata.org/entity/Q459376	2026-07-08T10:47:54.206Z
apennine-culture	Apennine culture															80	["Wikidata"]	Archaeological culture recorded in Wikidata.	Q2569017	http://www.wikidata.org/entity/Q2569017	2026-07-08T10:47:54.206Z
argaric-culture	Argaric culture		{"lat":37.2521,"lng":-1.9175}													80	["Wikidata"]	Archaeological culture recorded in Wikidata.	Q13409799	http://www.wikidata.org/entity/Q13409799	2026-07-08T10:47:54.206Z
aterian	Aterian															80	["Wikidata"]	Archaeological culture recorded in Wikidata.	Q204134	http://www.wikidata.org/entity/Q204134	2026-07-08T10:47:54.206Z
atlantic-bronze-age	Atlantic Bronze Age															80	["Wikidata"]	Archaeological culture recorded in Wikidata.	Q2629081	http://www.wikidata.org/entity/Q2629081	2026-07-08T10:47:54.206Z
aurignacian	Aurignacian														["solutrean"]	80	["Wikidata"]	Archaeological culture recorded in Wikidata.	Q221901	http://www.wikidata.org/entity/Q221901	2026-07-08T10:47:54.206Z
azilian	Azilian															80	["Wikidata"]	Archaeological culture recorded in Wikidata.	Q793777	http://www.wikidata.org/entity/Q793777	2026-07-08T10:47:54.206Z
bac-son-culture	Bắc Sơn culture															80	["Wikidata"]	Archaeological culture recorded in Wikidata.	Q798596	http://www.wikidata.org/entity/Q798596	2026-07-08T10:47:54.206Z
badari-culture-culture	Badari culture		{"lat":27,"lng":31.41667}												["amratian-culture"]	80	["Wikidata"]	Archaeological culture recorded in Wikidata.	Q798844	http://www.wikidata.org/entity/Q798844	2026-07-08T10:47:54.206Z
baden-culture	Baden culture														["vucedol-culture"]	80	["Wikidata"]	Archaeological culture recorded in Wikidata.	Q687230	http://www.wikidata.org/entity/Q687230	2026-07-08T10:47:54.206Z
baodun-culture	Baodun culture		{"lat":30.4502,"lng":103.7508}													80	["Wikidata"]	Archaeological culture recorded in Wikidata.	Q807064	http://www.wikidata.org/entity/Q807064	2026-07-08T10:47:54.206Z
baradostian-culture	Baradostian culture													["mousterian"]	["zarzian-culture"]	80	["Wikidata"]	Archaeological culture recorded in Wikidata.	Q645489	http://www.wikidata.org/entity/Q645489	2026-07-08T10:47:54.206Z
beixin-culture	Beixin culture													["houli-culture"]	["dawenkou-culture"]	80	["Wikidata"]	Archaeological culture recorded in Wikidata.	Q596364	http://www.wikidata.org/entity/Q596364	2026-07-08T10:47:54.206Z
bell-beaker-culture	Bell beaker culture													["corded-ware-culture"]	["unetice-culture","atlantic-bronze-age"]	80	["Wikidata"]	Archaeological culture recorded in Wikidata.	Q470867	http://www.wikidata.org/entity/Q470867	2026-07-08T10:47:54.206Z
black-and-red-ware-culture	Black and red ware culture															80	["Wikidata"]	Archaeological culture recorded in Wikidata.	Q2525323	http://www.wikidata.org/entity/Q2525323	2026-07-08T10:47:54.206Z
boian-culture	Boian culture															80	["Wikidata"]	Archaeological culture recorded in Wikidata.	Q2370603	http://www.wikidata.org/entity/Q2370603	2026-07-08T10:47:54.206Z
botai-culture	Botai culture		{"lat":53.303,"lng":67.645}													80	["Wikidata"]	Archaeological culture recorded in Wikidata.	Q279792	http://www.wikidata.org/entity/Q279792	2026-07-08T10:47:54.206Z
bromme-culture	Bromme culture															80	["Wikidata"]	Archaeological culture recorded in Wikidata.	Q926790	http://www.wikidata.org/entity/Q926790	2026-07-08T10:47:54.206Z
bug-dniester-culture	Bug-Dniester culture														["dnieper-donets-culture"]	80	["Wikidata"]	Archaeological culture recorded in Wikidata.	Q1002169	http://www.wikidata.org/entity/Q1002169	2026-07-08T10:47:54.206Z
butmir-culture	Butmir culture															80	["Wikidata"]	Archaeological culture recorded in Wikidata.	Q1017984	http://www.wikidata.org/entity/Q1017984	2026-07-08T10:47:54.206Z
capsian-culture	Capsian culture															80	["Wikidata"]	Archaeological culture recorded in Wikidata.	Q766150	http://www.wikidata.org/entity/Q766150	2026-07-08T10:47:54.206Z
caral-supe-civilization	Caral–Supe civilization				-3500	-1800	3500 BCE–1800 BCE									80	["Wikidata"]	Archaeological culture recorded in Wikidata.	Q153836	http://www.wikidata.org/entity/Q153836	2026-07-08T10:47:54.206Z
cardium-pottery	Cardium pottery														["chasseen-culture"]	80	["Wikidata"]	Archaeological culture recorded in Wikidata.	Q1035710	http://www.wikidata.org/entity/Q1035710	2026-07-08T10:47:54.206Z
castro-culture	Castro culture															80	["Wikidata"]	Archaeological culture recorded in Wikidata.	Q1049966	http://www.wikidata.org/entity/Q1049966	2026-07-08T10:47:54.206Z
catacomb-culture	Catacomb culture														["corded-ware-culture"]	80	["Wikidata"]	Archaeological culture recorded in Wikidata.	Q1511519	http://www.wikidata.org/entity/Q1511519	2026-07-08T10:47:54.206Z
cemetery-h-culture	Cemetery H culture															80	["Wikidata"]	Archaeological culture recorded in Wikidata.	Q2364797	http://www.wikidata.org/entity/Q2364797	2026-07-08T10:47:54.206Z
chachapoya-culture	Chachapoya culture					1570	until 1570 CE									80	["Wikidata"]	Archaeological culture recorded in Wikidata.	Q752688	http://www.wikidata.org/entity/Q752688	2026-07-08T10:47:54.206Z
chancay-culture	Chancay culture															80	["Wikidata"]	Archaeological culture recorded in Wikidata.	Q1061632	http://www.wikidata.org/entity/Q1061632	2026-07-08T10:47:54.206Z
chasseen-culture	Chasséen culture														["bell-beaker-culture"]	80	["Wikidata"]	Archaeological culture recorded in Wikidata.	Q688898	http://www.wikidata.org/entity/Q688898	2026-07-08T10:47:54.206Z
chatelperronian	Châtelperronian													["mousterian"]		80	["Wikidata"]	Archaeological culture recorded in Wikidata.	Q1090851	http://www.wikidata.org/entity/Q1090851	2026-07-08T10:47:54.206Z
chavin-culture	Chavín culture		{"lat":-9.59380556,"lng":-77.17744444}													80	["Wikidata"]	Archaeological culture recorded in Wikidata.	Q13341477	http://www.wikidata.org/entity/Q13341477	2026-07-08T10:47:54.206Z
chernyakhov-culture	Chernyakhov culture													["wielbark-culture","zarubintsy-culture"]	["penkovka-culture"]	80	["Wikidata"]	Archaeological culture recorded in Wikidata.	Q1474345	http://www.wikidata.org/entity/Q1474345	2026-07-08T10:47:54.206Z
chimu-culture	Chimú culture		{"lat":-8.108888888,"lng":-79.075}		1100	1470	1100 CE–1470 CE									80	["Wikidata"]	Archaeological culture recorded in Wikidata.	Q901198	http://www.wikidata.org/entity/Q901198	2026-07-08T10:47:54.206Z
chincha-people	Chincha people		{"lat":-13.451111111,"lng":-76.170833333}													80	["Wikidata"]	Archaeological culture recorded in Wikidata.	Q2460357	http://www.wikidata.org/entity/Q2460357	2026-07-08T10:47:54.206Z
chinchorro-culture	Chinchorro culture															80	["Wikidata"]	Archaeological culture recorded in Wikidata.	Q775089	http://www.wikidata.org/entity/Q775089	2026-07-08T10:47:54.206Z
cishan-culture	Cishan culture		{"lat":36.7,"lng":114.2}													80	["Wikidata"]	Archaeological culture recorded in Wikidata.	Q978917	http://www.wikidata.org/entity/Q978917	2026-07-08T10:47:54.206Z
clactonian	Clactonian															80	["Wikidata"]	Archaeological culture recorded in Wikidata.	Q675717	http://www.wikidata.org/entity/Q675717	2026-07-08T10:47:54.206Z
classic-veracruz-culture	Classic Veracruz culture															80	["Wikidata"]	Archaeological culture recorded in Wikidata.	Q2379418	http://www.wikidata.org/entity/Q2379418	2026-07-08T10:47:54.206Z
classical-greece	Classical Greece		{"lat":38.5,"lng":23}													80	["Wikidata"]	Archaeological culture recorded in Wikidata.	Q843745	http://www.wikidata.org/entity/Q843745	2026-07-08T10:47:54.206Z
clovis-culture	Clovis culture															80	["Wikidata"]	Archaeological culture recorded in Wikidata.	Q3485378	http://www.wikidata.org/entity/Q3485378	2026-07-08T10:47:54.206Z
colchian-culture	Colchian culture															80	["Wikidata"]	Archaeological culture recorded in Wikidata.	Q1302583	http://www.wikidata.org/entity/Q1302583	2026-07-08T10:47:54.206Z
comb-ceramic-culture	Comb Ceramic culture													["dnieper-donets-culture"]		80	["Wikidata"]	Archaeological culture recorded in Wikidata.	Q129385	http://www.wikidata.org/entity/Q129385	2026-07-08T10:47:54.206Z
corded-ware-culture	Corded Ware culture													["globular-amphora-culture","yamnaya-culture","baden-culture","funnelbeaker-culture"]	["andronovo-culture","bell-beaker-culture"]	80	["Wikidata"]	Archaeological culture recorded in Wikidata.	Q933996	http://www.wikidata.org/entity/Q933996	2026-07-08T10:47:54.206Z
cortaillod-culture	Cortaillod culture															80	["Wikidata"]	Archaeological culture recorded in Wikidata.	Q671984	http://www.wikidata.org/entity/Q671984	2026-07-08T10:47:54.206Z
creswellian-culture	Creswellian culture														["ahrensburg-culture"]	80	["Wikidata"]	Archaeological culture recorded in Wikidata.	Q1139760	http://www.wikidata.org/entity/Q1139760	2026-07-08T10:47:54.206Z
cucuteni-trypillia-culture	Cucuteni–Trypillia culture													["linear-pottery-culture"]	["yamnaya-culture"]	80	["Wikidata"]	Archaeological culture recorded in Wikidata.	Q1162419	http://www.wikidata.org/entity/Q1162419	2026-07-08T10:47:54.206Z
culture	culture													["proto-villanovan-culture"]		80	["Wikidata"]	Archaeological culture recorded in Wikidata.	Q634818	http://www.wikidata.org/entity/Q634818	2026-07-08T10:47:54.206Z
cycladic-civilization	Cycladic civilization															80	["Wikidata"]	Archaeological culture recorded in Wikidata.	Q318144	http://www.wikidata.org/entity/Q318144	2026-07-08T10:47:54.206Z
dadiwan-culture	Dadiwan culture		{"lat":35.010277777,"lng":105.913611111}													80	["Wikidata"]	Archaeological culture recorded in Wikidata.	Q1344314	http://www.wikidata.org/entity/Q1344314	2026-07-08T10:47:54.206Z
danubian-cultures	Danubian cultures															80	["Wikidata"]	Archaeological culture recorded in Wikidata.	Q911169	http://www.wikidata.org/entity/Q911169	2026-07-08T10:47:54.206Z
dawenkou-culture	Dawenkou culture															80	["Wikidata"]	Archaeological culture recorded in Wikidata.	Q1178509	http://www.wikidata.org/entity/Q1178509	2026-07-08T10:47:54.206Z
daxi-culture	Daxi culture													["hemudu-culture"]	["qujialing-culture"]	80	["Wikidata"]	Archaeological culture recorded in Wikidata.	Q1178981	http://www.wikidata.org/entity/Q1178981	2026-07-08T10:47:54.206Z
dnieper-donets-culture	Dnieper–Donets culture														["serednii-stih-culture"]	80	["Wikidata"]	Archaeological culture recorded in Wikidata.	Q2710557	http://www.wikidata.org/entity/Q2710557	2026-07-08T10:47:54.206Z
dong-son-culture	Dong Son culture															80	["Wikidata"]	Archaeological culture recorded in Wikidata.	Q996912	http://www.wikidata.org/entity/Q996912	2026-07-08T10:47:54.206Z
dorset-culture	Dorset culture															80	["Wikidata"]	Archaeological culture recorded in Wikidata.	Q603749	http://www.wikidata.org/entity/Q603749	2026-07-08T10:47:54.206Z
early-dynastic-period	Early Dynastic period		{"lat":32,"lng":45.5}											["jemdet-nasr-period","uruk-period"]		80	["Wikidata"]	Archaeological culture recorded in Wikidata.	Q716742	http://www.wikidata.org/entity/Q716742	2026-07-08T10:47:54.206Z
epi-olmec-culture	Epi-Olmec culture															80	["Wikidata"]	Archaeological culture recorded in Wikidata.	Q2527515	http://www.wikidata.org/entity/Q2527515	2026-07-08T10:47:54.206Z
epigravettian	Epigravettian															80	["Wikidata"]	Archaeological culture recorded in Wikidata.	Q3589150	http://www.wikidata.org/entity/Q3589150	2026-07-08T10:47:54.206Z
erligang-culture	Erligang culture		{"lat":34.754,"lng":113.676}											["erlitou-culture"]		80	["Wikidata"]	Archaeological culture recorded in Wikidata.	Q1151593	http://www.wikidata.org/entity/Q1151593	2026-07-08T10:47:54.206Z
erlitou-culture	Erlitou culture		{"lat":34.70175833,"lng":112.69707778}												["erligang-culture"]	80	["Wikidata"]	Archaeological culture recorded in Wikidata.	Q1051663	http://www.wikidata.org/entity/Q1051663	2026-07-08T10:47:54.206Z
erteb-lle-culture	Ertebølle culture														["funnelbeaker-culture"]	80	["Wikidata"]	Archaeological culture recorded in Wikidata.	Q1362485	http://www.wikidata.org/entity/Q1362485	2026-07-08T10:47:54.206Z
este-culture	Este culture													["proto-villanovan-culture"]		80	["Wikidata"]	Archaeological culture recorded in Wikidata.	Q1369777	http://www.wikidata.org/entity/Q1369777	2026-07-08T10:47:54.206Z
fatyanovo-balanovo-culture	Fatyanovo–Balanovo culture														["abashevo-culture"]	80	["Wikidata"]	Archaeological culture recorded in Wikidata.	Q1398184	http://www.wikidata.org/entity/Q1398184	2026-07-08T10:47:54.206Z
fayum-a-culture	Fayum A culture															80	["Wikidata"]	Archaeological culture recorded in Wikidata.	Q1399110	http://www.wikidata.org/entity/Q1399110	2026-07-08T10:47:54.206Z
federmesser-culture	Federmesser culture															80	["Wikidata"]	Archaeological culture recorded in Wikidata.	Q1400660	http://www.wikidata.org/entity/Q1400660	2026-07-08T10:47:54.206Z
folsom-tradition	Folsom tradition															80	["Wikidata"]	Archaeological culture recorded in Wikidata.	Q1257815	http://www.wikidata.org/entity/Q1257815	2026-07-08T10:47:54.206Z
fosna-hensbacka-culture	Fosna-Hensbacka culture													["ahrensburg-culture"]		80	["Wikidata"]	Archaeological culture recorded in Wikidata.	Q599096	http://www.wikidata.org/entity/Q599096	2026-07-08T10:47:54.206Z
fremont-culture	Fremont culture															80	["Wikidata"]	Archaeological culture recorded in Wikidata.	Q1455209	http://www.wikidata.org/entity/Q1455209	2026-07-08T10:47:54.206Z
funnelbeaker-culture	Funnelbeaker culture														["globular-amphora-culture"]	80	["Wikidata"]	Archaeological culture recorded in Wikidata.	Q875115	http://www.wikidata.org/entity/Q875115	2026-07-08T10:47:54.206Z
gandhara-grave-culture	Gandhara grave culture															80	["Wikidata"]	Archaeological culture recorded in Wikidata.	Q2625916	http://www.wikidata.org/entity/Q2625916	2026-07-08T10:47:54.206Z
gerzeh-culture	Gerzeh culture		{"lat":29.45,"lng":31.2}											["amratian-culture"]	["naqada-iii"]	80	["Wikidata"]	Archaeological culture recorded in Wikidata.	Q906822	http://www.wikidata.org/entity/Q906822	2026-07-08T10:47:54.206Z
ghassulian	Ghassulian		{"lat":31.86083333,"lng":35.64055556}													80	["Wikidata"]	Archaeological culture recorded in Wikidata.	Q1521465	http://www.wikidata.org/entity/Q1521465	2026-07-08T10:47:54.206Z
glasinac-culture	Glasinac culture															80	["Wikidata"]	Archaeological culture recorded in Wikidata.	Q2612818	http://www.wikidata.org/entity/Q2612818	2026-07-08T10:47:54.206Z
globular-amphora-culture	Globular Amphora culture														["corded-ware-culture"]	80	["Wikidata"]	Archaeological culture recorded in Wikidata.	Q218257	http://www.wikidata.org/entity/Q218257	2026-07-08T10:47:54.206Z
golasecca-culture	Golasecca culture															80	["Wikidata"]	Archaeological culture recorded in Wikidata.	Q690947	http://www.wikidata.org/entity/Q690947	2026-07-08T10:47:54.206Z
gravettian	Gravettian															80	["Wikidata"]	Archaeological culture recorded in Wikidata.	Q756905	http://www.wikidata.org/entity/Q756905	2026-07-08T10:47:54.206Z
gumelnita-karanovo-culture	Gumelniţa–Karanovo culture															80	["Wikidata"]	Archaeological culture recorded in Wikidata.	Q2556093	http://www.wikidata.org/entity/Q2556093	2026-07-08T10:47:54.206Z
halaf-culture	Halaf culture															80	["Wikidata"]	Archaeological culture recorded in Wikidata.	Q904998	http://www.wikidata.org/entity/Q904998	2026-07-08T10:47:54.206Z
hallstatt-culture	Hallstatt culture													["urnfield-culture"]	["la-tene-culture"]	80	["Wikidata"]	Archaeological culture recorded in Wikidata.	Q202165	http://www.wikidata.org/entity/Q202165	2026-07-08T10:47:54.206Z
hamangia-culture	Hamangia culture														["gumelnita-karanovo-culture"]	80	["Wikidata"]	Archaeological culture recorded in Wikidata.	Q1509262	http://www.wikidata.org/entity/Q1509262	2026-07-08T10:47:54.206Z
hamburg-culture	Hamburg culture														["ahrensburg-culture"]	80	["Wikidata"]	Archaeological culture recorded in Wikidata.	Q502702	http://www.wikidata.org/entity/Q502702	2026-07-08T10:47:54.206Z
helladic-period	Helladic period															80	["Wikidata"]	Archaeological culture recorded in Wikidata.	Q937774	http://www.wikidata.org/entity/Q937774	2026-07-08T10:47:54.206Z
hellenistic-civilization	Hellenistic civilization															80	["Wikidata"]	Archaeological culture recorded in Wikidata.	Q913229	http://www.wikidata.org/entity/Q913229	2026-07-08T10:47:54.206Z
hemudu-culture	Hemudu culture		{"lat":29.9642,"lng":121.3444}													80	["Wikidata"]	Archaeological culture recorded in Wikidata.	Q948642	http://www.wikidata.org/entity/Q948642	2026-07-08T10:47:54.206Z
hoabinhian	Hoabinhian															80	["Wikidata"]	Archaeological culture recorded in Wikidata.	Q1621515	http://www.wikidata.org/entity/Q1621515	2026-07-08T10:47:54.206Z
hohokam	Hohokam															80	["Wikidata"]	Archaeological culture recorded in Wikidata.	Q1255768	http://www.wikidata.org/entity/Q1255768	2026-07-08T10:47:54.206Z
hongshan-culture	Hongshan culture															80	["Wikidata"]	Archaeological culture recorded in Wikidata.	Q1195031	http://www.wikidata.org/entity/Q1195031	2026-07-08T10:47:54.206Z
hopewell-tradition	Hopewell tradition															80	["Wikidata"]	Archaeological culture recorded in Wikidata.	Q1305793	http://www.wikidata.org/entity/Q1305793	2026-07-08T10:47:54.206Z
houli-culture	Houli culture														["beixin-culture"]	80	["Wikidata"]	Archaeological culture recorded in Wikidata.	Q601258	http://www.wikidata.org/entity/Q601258	2026-07-08T10:47:54.206Z
iberomaurusian	Iberomaurusian														["capsian-culture"]	80	["Wikidata"]	Archaeological culture recorded in Wikidata.	Q1470903	http://www.wikidata.org/entity/Q1470903	2026-07-08T10:47:54.206Z
independence-i-culture	Independence I culture														["independence-ii-culture"]	80	["Wikidata"]	Archaeological culture recorded in Wikidata.	Q641154	http://www.wikidata.org/entity/Q641154	2026-07-08T10:47:54.206Z
independence-ii-culture	Independence II culture															80	["Wikidata"]	Archaeological culture recorded in Wikidata.	Q2268108	http://www.wikidata.org/entity/Q2268108	2026-07-08T10:47:54.206Z
indus-valley-civilization	Indus Valley Civilization		{"lat":27.329167,"lng":68.138889}													80	["Wikidata"]	Archaeological culture recorded in Wikidata.	Q42534	http://www.wikidata.org/entity/Q42534	2026-07-08T10:47:54.206Z
jastorf-culture	Jastorf culture														["przeworsk-culture"]	80	["Wikidata"]	Archaeological culture recorded in Wikidata.	Q500099	http://www.wikidata.org/entity/Q500099	2026-07-08T10:47:54.206Z
jemdet-nasr-period	Jemdet Nasr period		{"lat":32.71694444,"lng":44.77888889}											["uruk-period"]	["early-dynastic-period"]	80	["Wikidata"]	Archaeological culture recorded in Wikidata.	Q428101	http://www.wikidata.org/entity/Q428101	2026-07-08T10:47:54.206Z
jomon-period	Jōmon period														["yayoi-period"]	80	["Wikidata"]	Archaeological culture recorded in Wikidata.	Q52824	http://www.wikidata.org/entity/Q52824	2026-07-08T10:47:54.206Z
karanovo-culture	Karanovo culture															80	["Wikidata"]	Archaeological culture recorded in Wikidata.	Q1728968	http://www.wikidata.org/entity/Q1728968	2026-07-08T10:47:54.206Z
karasuk-culture	Karasuk culture													["afanasevo-culture","andronovo-culture","seima-turbino-culture","okunev-culture"]	["tashtyk-culture","tagar-culture"]	80	["Wikidata"]	Archaeological culture recorded in Wikidata.	Q129282	http://www.wikidata.org/entity/Q129282	2026-07-08T10:47:54.206Z
kebaran	Kebaran															80	["Wikidata"]	Archaeological culture recorded in Wikidata.	Q1088939	http://www.wikidata.org/entity/Q1088939	2026-07-08T10:47:54.206Z
khiamian	Khiamian													["natufian-culture"]	["yarmukian-culture"]	80	["Wikidata"]	Archaeological culture recorded in Wikidata.	Q2498963	http://www.wikidata.org/entity/Q2498963	2026-07-08T10:47:54.206Z
khvalynsk-culture	Khvalynsk culture		{"lat":52.741254,"lng":49.551376}											["samara-culture"]	["yamnaya-culture"]	80	["Wikidata"]	Archaeological culture recorded in Wikidata.	Q113965	http://www.wikidata.org/entity/Q113965	2026-07-08T10:47:54.206Z
koban-culture	Koban culture															80	["Wikidata"]	Archaeological culture recorded in Wikidata.	Q914771	http://www.wikidata.org/entity/Q914771	2026-07-08T10:47:54.206Z
kolochin-culture	Kolochin culture													["kyiv-culture"]		80	["Wikidata"]	Archaeological culture recorded in Wikidata.	Q3919823	http://www.wikidata.org/entity/Q3919823	2026-07-08T10:47:54.206Z
komsa-culture	Komsa culture															80	["Wikidata"]	Archaeological culture recorded in Wikidata.	Q1577518	http://www.wikidata.org/entity/Q1577518	2026-07-08T10:47:54.206Z
kongemose-culture	Kongemose culture														["erteb-lle-culture"]	80	["Wikidata"]	Archaeological culture recorded in Wikidata.	Q1781546	http://www.wikidata.org/entity/Q1781546	2026-07-08T10:47:54.206Z
koros-culture	Körös culture															80	["Wikidata"]	Archaeological culture recorded in Wikidata.	Q739604	http://www.wikidata.org/entity/Q739604	2026-07-08T10:47:54.206Z
kulli-culture	Kulli culture															80	["Wikidata"]	Archaeological culture recorded in Wikidata.	Q1755265	http://www.wikidata.org/entity/Q1755265	2026-07-08T10:47:54.206Z
kunda-culture	Kunda culture														["narva-culture"]	80	["Wikidata"]	Archaeological culture recorded in Wikidata.	Q1469830	http://www.wikidata.org/entity/Q1469830	2026-07-08T10:47:54.206Z
kura-araxes-culture	Kura–Araxes culture													["shulaveri-shomu-culture"]	["trialeti-vanadzor-culture"]	80	["Wikidata"]	Archaeological culture recorded in Wikidata.	Q169349	http://www.wikidata.org/entity/Q169349	2026-07-08T10:47:54.206Z
kyiv-culture	Kyiv culture													["zarubintsy-culture"]	["penkovka-culture"]	80	["Wikidata"]	Archaeological culture recorded in Wikidata.	Q2732554	http://www.wikidata.org/entity/Q2732554	2026-07-08T10:47:54.206Z
la-tene-culture	La Tène culture		{"lat":47.00694444,"lng":7.02361111}											["hallstatt-culture","urnfield-culture"]	["przeworsk-culture","zarubintsy-culture"]	80	["Wikidata"]	Archaeological culture recorded in Wikidata.	Q208247	http://www.wikidata.org/entity/Q208247	2026-07-08T10:47:54.206Z
las-vegas-culture	Las Vegas culture		{"lat":-2.233333333,"lng":-80.866666666}													80	["Wikidata"]	Archaeological culture recorded in Wikidata.	Q2476344	http://www.wikidata.org/entity/Q2476344	2026-07-08T10:47:54.206Z
late-antiquity	late antiquity															80	["Wikidata"]	Archaeological culture recorded in Wikidata.	Q217050	http://www.wikidata.org/entity/Q217050	2026-07-08T10:47:54.206Z
lengyel-culture	Lengyel culture														["funnelbeaker-culture"]	80	["Wikidata"]	Archaeological culture recorded in Wikidata.	Q668742	http://www.wikidata.org/entity/Q668742	2026-07-08T10:47:54.206Z
liangzhu-culture	Liangzhu culture		{"lat":30.39556,"lng":119.990833}													80	["Wikidata"]	Archaeological culture recorded in Wikidata.	Q1204909	http://www.wikidata.org/entity/Q1204909	2026-07-08T10:47:54.206Z
liaoning-bronze-dagger-culture	Liaoning bronze dagger culture															80	["Wikidata"]	Archaeological culture recorded in Wikidata.	Q711949	http://www.wikidata.org/entity/Q711949	2026-07-08T10:47:54.206Z
lima-culture	Lima culture															80	["Wikidata"]	Archaeological culture recorded in Wikidata.	Q2460861	http://www.wikidata.org/entity/Q2460861	2026-07-08T10:47:54.206Z
linear-pottery-culture	Linear Pottery culture													["starcevo-koros-cris-culture"]	["cucuteni-trypillia-culture"]	80	["Wikidata"]	Archaeological culture recorded in Wikidata.	Q806348	http://www.wikidata.org/entity/Q806348	2026-07-08T10:47:54.206Z
longshan-culture	Longshan culture															80	["Wikidata"]	Archaeological culture recorded in Wikidata.	Q1057935	http://www.wikidata.org/entity/Q1057935	2026-07-08T10:47:54.206Z
lusatian-culture	Lusatian culture													["tumulus-culture","trzciniec-culture"]	["pomeranian-culture"]	80	["Wikidata"]	Archaeological culture recorded in Wikidata.	Q611017	http://www.wikidata.org/entity/Q611017	2026-07-08T10:47:54.206Z
magdalenian	Magdalenian													["solutrean"]	["ahrensburg-culture","azilian"]	80	["Wikidata"]	Archaeological culture recorded in Wikidata.	Q693549	http://www.wikidata.org/entity/Q693549	2026-07-08T10:47:54.206Z
maglemosian-culture	Maglemosian culture														["kongemose-culture"]	80	["Wikidata"]	Archaeological culture recorded in Wikidata.	Q928511	http://www.wikidata.org/entity/Q928511	2026-07-08T10:47:54.206Z
majiabang-culture	Majiabang culture		{"lat":30.735934,"lng":120.71507}													80	["Wikidata"]	Archaeological culture recorded in Wikidata.	Q1153575	http://www.wikidata.org/entity/Q1153575	2026-07-08T10:47:54.206Z
majiayao-culture	Majiayao culture															80	["Wikidata"]	Archaeological culture recorded in Wikidata.	Q1310602	http://www.wikidata.org/entity/Q1310602	2026-07-08T10:47:54.206Z
mal-ta-buret-culture	Mal'ta–Buret' culture		{"lat":52.9,"lng":103.5}													80	["Wikidata"]	Archaeological culture recorded in Wikidata.	Q1887797	http://www.wikidata.org/entity/Q1887797	2026-07-08T10:47:54.206Z
maykop-culture	Maykop culture															80	["Wikidata"]	Archaeological culture recorded in Wikidata.	Q1257373	http://www.wikidata.org/entity/Q1257373	2026-07-08T10:47:54.206Z
merimde-culture	Merimde culture		{"lat":30.320833333,"lng":30.848888888}		-4800	-4300	4800 BCE–4300 BCE									80	["Wikidata"]	Archaeological culture recorded in Wikidata.	Q1262502	http://www.wikidata.org/entity/Q1262502	2026-07-08T10:47:54.206Z
michelsberg-culture	Michelsberg culture		{"lat":49.087883,"lng":8.561572}													80	["Wikidata"]	Archaeological culture recorded in Wikidata.	Q570798	http://www.wikidata.org/entity/Q570798	2026-07-08T10:47:54.206Z
micoquien	Micoquien															80	["Wikidata"]	Archaeological culture recorded in Wikidata.	Q1759091	http://www.wikidata.org/entity/Q1759091	2026-07-08T10:47:54.206Z
milograd-culture	Milograd culture													["trzciniec-culture"]	["zarubintsy-culture"]	80	["Wikidata"]	Archaeological culture recorded in Wikidata.	Q2446445	http://www.wikidata.org/entity/Q2446445	2026-07-08T10:47:54.206Z
minoan-civilization	Minoan civilization		{"lat":35.309722,"lng":24.893333}													80	["Wikidata"]	Archaeological culture recorded in Wikidata.	Q134178	http://www.wikidata.org/entity/Q134178	2026-07-08T10:47:54.206Z
mississippian-culture	Mississippian culture															80	["Wikidata"]	Archaeological culture recorded in Wikidata.	Q1052095	http://www.wikidata.org/entity/Q1052095	2026-07-08T10:47:54.206Z
moche-culture	Moche culture															80	["Wikidata"]	Archaeological culture recorded in Wikidata.	Q208188	http://www.wikidata.org/entity/Q208188	2026-07-08T10:47:54.206Z
mogollon-culture	Mogollon culture															80	["Wikidata"]	Archaeological culture recorded in Wikidata.	Q1500702	http://www.wikidata.org/entity/Q1500702	2026-07-08T10:47:54.206Z
monte-alto-culture	Monte Alto culture															80	["Wikidata"]	Archaeological culture recorded in Wikidata.	Q212080	http://www.wikidata.org/entity/Q212080	2026-07-08T10:47:54.206Z
mousterian	Mousterian													["acheulean"]	["baradostian-culture","chatelperronian"]	80	["Wikidata"]	Archaeological culture recorded in Wikidata.	Q259118	http://www.wikidata.org/entity/Q259118	2026-07-08T10:47:54.206Z
mycenaean-greece-culture	Mycenaean Greece															80	["Wikidata"]	Archaeological culture recorded in Wikidata.	Q181264	http://www.wikidata.org/entity/Q181264	2026-07-08T10:47:54.206Z
naqada-culture	Naqada culture		{"lat":25.95,"lng":32.733333}													80	["Wikidata"]	Archaeological culture recorded in Wikidata.	Q753391	http://www.wikidata.org/entity/Q753391	2026-07-08T10:47:54.206Z
naqada-iii	Naqada III													["gerzeh-culture"]		80	["Wikidata"]	Archaeological culture recorded in Wikidata.	Q721840	http://www.wikidata.org/entity/Q721840	2026-07-08T10:47:54.206Z
narva-culture	Narva culture													["kunda-culture"]		80	["Wikidata"]	Archaeological culture recorded in Wikidata.	Q181459	http://www.wikidata.org/entity/Q181459	2026-07-08T10:47:54.206Z
natufian-culture	Natufian culture														["khiamian"]	80	["Wikidata"]	Archaeological culture recorded in Wikidata.	Q733489	http://www.wikidata.org/entity/Q733489	2026-07-08T10:47:54.206Z
nazca-culture	Nazca culture		{"lat":-14.71666667,"lng":-75.13333333}											["paracas-culture"]		80	["Wikidata"]	Archaeological culture recorded in Wikidata.	Q210570	http://www.wikidata.org/entity/Q210570	2026-07-08T10:47:54.206Z
neman-culture	Neman culture															80	["Wikidata"]	Archaeological culture recorded in Wikidata.	Q2073418	http://www.wikidata.org/entity/Q2073418	2026-07-08T10:47:54.206Z
neolithic-greece	Neolithic Greece															80	["Wikidata"]	Archaeological culture recorded in Wikidata.	Q16737804	http://www.wikidata.org/entity/Q16737804	2026-07-08T10:47:54.206Z
nok-culture	Nok culture		{"lat":9.503,"lng":8.016}		-1500		from 1500 BCE									80	["Wikidata"]	Archaeological culture recorded in Wikidata.	Q927291	http://www.wikidata.org/entity/Q927291	2026-07-08T10:47:54.206Z
northern-black-polished-ware	Northern Black Polished Ware															80	["Wikidata"]	Archaeological culture recorded in Wikidata.	Q2495995	http://www.wikidata.org/entity/Q2495995	2026-07-08T10:47:54.206Z
nuragic-civilization	Nuragic civilization															80	["Wikidata"]	Archaeological culture recorded in Wikidata.	Q1421436	http://www.wikidata.org/entity/Q1421436	2026-07-08T10:47:54.206Z
ochre-coloured-pottery-culture	Ochre Coloured Pottery culture															80	["Wikidata"]	Archaeological culture recorded in Wikidata.	Q2663163	http://www.wikidata.org/entity/Q2663163	2026-07-08T10:47:54.206Z
oksywie-culture	Oksywie culture														["wielbark-culture"]	80	["Wikidata"]	Archaeological culture recorded in Wikidata.	Q1814141	http://www.wikidata.org/entity/Q1814141	2026-07-08T10:47:54.206Z
okunev-culture	Okunev culture														["karasuk-culture"]	80	["Wikidata"]	Archaeological culture recorded in Wikidata.	Q2632835	http://www.wikidata.org/entity/Q2632835	2026-07-08T10:47:54.206Z
old-europe	Old Europe															80	["Wikidata"]	Archaeological culture recorded in Wikidata.	Q1241067	http://www.wikidata.org/entity/Q1241067	2026-07-08T10:47:54.206Z
oldowan	Oldowan		{"lat":36.200942,"lng":5.654383}												["acheulean"]	80	["Wikidata"]	Archaeological culture recorded in Wikidata.	Q746287	http://www.wikidata.org/entity/Q746287	2026-07-08T10:47:54.206Z
omari-culture	Omari culture															80	["Wikidata"]	Archaeological culture recorded in Wikidata.	Q2023168	http://www.wikidata.org/entity/Q2023168	2026-07-08T10:47:54.206Z
ordos-culture	Ordos culture															80	["Wikidata"]	Archaeological culture recorded in Wikidata.	Q127455	http://www.wikidata.org/entity/Q127455	2026-07-08T10:47:54.206Z
ozieri-culture	Ozieri culture															80	["Wikidata"]	Archaeological culture recorded in Wikidata.	Q1473758	http://www.wikidata.org/entity/Q1473758	2026-07-08T10:47:54.206Z
painted-grey-ware-culture	Painted Grey Ware culture															80	["Wikidata"]	Archaeological culture recorded in Wikidata.	Q2525293	http://www.wikidata.org/entity/Q2525293	2026-07-08T10:47:54.206Z
paracas-culture	Paracas culture															80	["Wikidata"]	Archaeological culture recorded in Wikidata.	Q1127723	http://www.wikidata.org/entity/Q1127723	2026-07-08T10:47:54.206Z
pazyryk-culture	Pazyryk culture															80	["Wikidata"]	Archaeological culture recorded in Wikidata.	Q917982	http://www.wikidata.org/entity/Q917982	2026-07-08T10:47:54.206Z
peiligang-culture	Peiligang culture															80	["Wikidata"]	Archaeological culture recorded in Wikidata.	Q1193609	http://www.wikidata.org/entity/Q1193609	2026-07-08T10:47:54.206Z
pengtoushan-culture	Pengtoushan culture															80	["Wikidata"]	Archaeological culture recorded in Wikidata.	Q1205679	http://www.wikidata.org/entity/Q1205679	2026-07-08T10:47:54.206Z
penkovka-culture	Penkovka culture													["chernyakhov-culture"]	["saltovo-mayaki"]	80	["Wikidata"]	Archaeological culture recorded in Wikidata.	Q2994546	http://www.wikidata.org/entity/Q2994546	2026-07-08T10:47:54.206Z
perigordian	Périgordian															80	["Wikidata"]	Archaeological culture recorded in Wikidata.	Q652622	http://www.wikidata.org/entity/Q652622	2026-07-08T10:47:54.206Z
phrygians	Phrygians															80	["Wikidata"]	Archaeological culture recorded in Wikidata.	Q149386	http://www.wikidata.org/entity/Q149386	2026-07-08T10:47:54.206Z
pitted-ware-culture	Pitted Ware culture															80	["Wikidata"]	Archaeological culture recorded in Wikidata.	Q1551765	http://www.wikidata.org/entity/Q1551765	2026-07-08T10:47:54.206Z
polada-culture	Polada culture															80	["Wikidata"]	Archaeological culture recorded in Wikidata.	Q2347305	http://www.wikidata.org/entity/Q2347305	2026-07-08T10:47:54.206Z
poltavka-culture	Poltavka culture													["yamnaya-culture"]	["srubnaya-culture"]	80	["Wikidata"]	Archaeological culture recorded in Wikidata.	Q1757895	http://www.wikidata.org/entity/Q1757895	2026-07-08T10:47:54.206Z
pomeranian-culture	Pomeranian culture													["lusatian-culture"]	["przeworsk-culture"]	80	["Wikidata"]	Archaeological culture recorded in Wikidata.	Q972472	http://www.wikidata.org/entity/Q972472	2026-07-08T10:47:54.206Z
prague-culture	Prague culture															80	["Wikidata"]	Archaeological culture recorded in Wikidata.	Q2995116	http://www.wikidata.org/entity/Q2995116	2026-07-08T10:47:54.206Z
proto-villanovan-culture	Proto-Villanovan culture				-1199	-900	1199 BCE–900 BCE								["villanovan-culture","culture","este-culture"]	80	["Wikidata"]	Archaeological culture recorded in Wikidata.	Q2588933	http://www.wikidata.org/entity/Q2588933	2026-07-08T10:47:54.206Z
przeworsk-culture	Przeworsk culture															80	["Wikidata"]	Archaeological culture recorded in Wikidata.	Q1423912	http://www.wikidata.org/entity/Q1423912	2026-07-08T10:47:54.206Z
qijia-culture	Qijia culture													["majiayao-culture"]		80	["Wikidata"]	Archaeological culture recorded in Wikidata.	Q1269223	http://www.wikidata.org/entity/Q1269223	2026-07-08T10:47:54.206Z
quimbaya-civilization	Quimbaya civilization															80	["Wikidata"]	Archaeological culture recorded in Wikidata.	Q958351	http://www.wikidata.org/entity/Q958351	2026-07-08T10:47:54.206Z
qujialing-culture	Qujialing culture													["daxi-culture"]	["shijiahe-culture"]	80	["Wikidata"]	Archaeological culture recorded in Wikidata.	Q1153210	http://www.wikidata.org/entity/Q1153210	2026-07-08T10:47:54.206Z
rossen-culture	Rössen culture														["funnelbeaker-culture"]	80	["Wikidata"]	Archaeological culture recorded in Wikidata.	Q1886212	http://www.wikidata.org/entity/Q1886212	2026-07-08T10:47:54.206Z
rzucewo-culture	Rzucewo culture															80	["Wikidata"]	Archaeological culture recorded in Wikidata.	Q4181995	http://www.wikidata.org/entity/Q4181995	2026-07-08T10:47:54.206Z
sa-huynh-culture	Sa Huỳnh culture															80	["Wikidata"]	Archaeological culture recorded in Wikidata.	Q2000186	http://www.wikidata.org/entity/Q2000186	2026-07-08T10:47:54.206Z
saladoid	Saladoid															80	["Wikidata"]	Archaeological culture recorded in Wikidata.	Q4405634	http://www.wikidata.org/entity/Q4405634	2026-07-08T10:47:54.206Z
saltovo-mayaki	Saltovo-Mayaki													["penkovka-culture"]		80	["Wikidata"]	Archaeological culture recorded in Wikidata.	Q1987770	http://www.wikidata.org/entity/Q1987770	2026-07-08T10:47:54.206Z
samara-culture	Samara culture														["khvalynsk-culture"]	80	["Wikidata"]	Archaeological culture recorded in Wikidata.	Q80641	http://www.wikidata.org/entity/Q80641	2026-07-08T10:47:54.206Z
samarra-culture	Samarra culture														["ubaid-period"]	80	["Wikidata"]	Archaeological culture recorded in Wikidata.	Q1502858	http://www.wikidata.org/entity/Q1502858	2026-07-08T10:47:54.206Z
san-agustan-culture	San Agustan culture		{"lat":1.9,"lng":-76.283333333}													80	["Wikidata"]	Archaeological culture recorded in Wikidata.	Q1932509	http://www.wikidata.org/entity/Q1932509	2026-07-08T10:47:54.206Z
sangoan	Sangoan															80	["Wikidata"]	Archaeological culture recorded in Wikidata.	Q969405	http://www.wikidata.org/entity/Q969405	2026-07-08T10:47:54.206Z
sao-civilization	Sao civilization															80	["Wikidata"]	Archaeological culture recorded in Wikidata.	Q500502	http://www.wikidata.org/entity/Q500502	2026-07-08T10:47:54.206Z
saqqaq-culture	Saqqaq culture															80	["Wikidata"]	Archaeological culture recorded in Wikidata.	Q666758	http://www.wikidata.org/entity/Q666758	2026-07-08T10:47:54.206Z
sauveterrian	Sauveterrian															80	["Wikidata"]	Archaeological culture recorded in Wikidata.	Q2985529	http://www.wikidata.org/entity/Q2985529	2026-07-08T10:47:54.206Z
seima-turbino-culture	Seima-Turbino culture															80	["Wikidata"]	Archaeological culture recorded in Wikidata.	Q2409967	http://www.wikidata.org/entity/Q2409967	2026-07-08T10:47:54.206Z
serednii-stih-culture	Serednii Stih culture														["yamnaya-culture"]	80	["Wikidata"]	Archaeological culture recorded in Wikidata.	Q604100	http://www.wikidata.org/entity/Q604100	2026-07-08T10:47:54.206Z
shijiahe-culture	Shijiahe culture															80	["Wikidata"]	Archaeological culture recorded in Wikidata.	Q125936	http://www.wikidata.org/entity/Q125936	2026-07-08T10:47:54.206Z
shulaveri-shomu-culture	Shulaveri-Shomu culture															80	["Wikidata"]	Archaeological culture recorded in Wikidata.	Q4246675	http://www.wikidata.org/entity/Q4246675	2026-07-08T10:47:54.206Z
sican-culture	Sican culture					1375	until 1375 CE									80	["Wikidata"]	Archaeological culture recorded in Wikidata.	Q175801	http://www.wikidata.org/entity/Q175801	2026-07-08T10:47:54.206Z
sintashta-culture	Sintashta culture															80	["Wikidata"]	Archaeological culture recorded in Wikidata.	Q656393	http://www.wikidata.org/entity/Q656393	2026-07-08T10:47:54.206Z
slab-grave-culture	Slab Grave culture															80	["Wikidata"]	Archaeological culture recorded in Wikidata.	Q2098731	http://www.wikidata.org/entity/Q2098731	2026-07-08T10:47:54.206Z
soanian	Soanian															80	["Wikidata"]	Archaeological culture recorded in Wikidata.	Q2995537	http://www.wikidata.org/entity/Q2995537	2026-07-08T10:47:54.206Z
solutrean	Solutrean													["aurignacian"]	["magdalenian"]	80	["Wikidata"]	Archaeological culture recorded in Wikidata.	Q1121344	http://www.wikidata.org/entity/Q1121344	2026-07-08T10:47:54.206Z
srubnaya-culture	Srubnaya culture															80	["Wikidata"]	Archaeological culture recorded in Wikidata.	Q1470165	http://www.wikidata.org/entity/Q1470165	2026-07-08T10:47:54.206Z
starcevo-culture	Starčevo culture														["vinca-culture"]	80	["Wikidata"]	Archaeological culture recorded in Wikidata.	Q1483547	http://www.wikidata.org/entity/Q1483547	2026-07-08T10:47:54.206Z
starcevo-koros-cris-culture	Starčevo–Kőrös–Criş culture															80	["Wikidata"]	Archaeological culture recorded in Wikidata.	Q7602903	http://www.wikidata.org/entity/Q7602903	2026-07-08T10:47:54.206Z
sumer	Sumer		{"lat":32,"lng":45.5}		-5500	-1900	5500 BCE–1900 BCE									80	["Wikidata"]	Archaeological culture recorded in Wikidata.	Q35355	http://www.wikidata.org/entity/Q35355	2026-07-08T10:47:54.206Z
swiderian-culture	Swiderian culture													["magdalenian"]		80	["Wikidata"]	Archaeological culture recorded in Wikidata.	Q2372667	http://www.wikidata.org/entity/Q2372667	2026-07-08T10:47:54.206Z
szeletian	Szeletian															80	["Wikidata"]	Archaeological culture recorded in Wikidata.	Q1295733	http://www.wikidata.org/entity/Q1295733	2026-07-08T10:47:54.206Z
tagar-culture	Tagar culture														["tashtyk-culture"]	80	["Wikidata"]	Archaeological culture recorded in Wikidata.	Q2005344	http://www.wikidata.org/entity/Q2005344	2026-07-08T10:47:54.206Z
talaiotic-culture	Talaiotic culture															80	["Wikidata"]	Archaeological culture recorded in Wikidata.	Q530894	http://www.wikidata.org/entity/Q530894	2026-07-08T10:47:54.206Z
tardenoisian	Tardenoisian															80	["Wikidata"]	Archaeological culture recorded in Wikidata.	Q1808482	http://www.wikidata.org/entity/Q1808482	2026-07-08T10:47:54.206Z
tartessos-culture	Tartessos		{"lat":37,"lng":-6.19999981}													80	["Wikidata"]	Archaeological culture recorded in Wikidata.	Q320416	http://www.wikidata.org/entity/Q320416	2026-07-08T10:47:54.206Z
tashtyk-culture	Tashtyk culture													["tagar-culture"]		80	["Wikidata"]	Archaeological culture recorded in Wikidata.	Q1065306	http://www.wikidata.org/entity/Q1065306	2026-07-08T10:47:54.206Z
tasian-culture	Tasian culture		{"lat":27.0523759,"lng":31.3935643}												["badari-culture-culture"]	80	["Wikidata"]	Archaeological culture recorded in Wikidata.	Q1971621	http://www.wikidata.org/entity/Q1971621	2026-07-08T10:47:54.206Z
tayacian	Tayacian															80	["Wikidata"]	Archaeological culture recorded in Wikidata.	Q669878	http://www.wikidata.org/entity/Q669878	2026-07-08T10:47:54.206Z
terramare-cultura	Terramare cultura															80	["Wikidata"]	Archaeological culture recorded in Wikidata.	Q1410539	http://www.wikidata.org/entity/Q1410539	2026-07-08T10:47:54.206Z
tisza-culture	Tisza culture														["tiszapolgar-culture"]	80	["Wikidata"]	Archaeological culture recorded in Wikidata.	Q1041623	http://www.wikidata.org/entity/Q1041623	2026-07-08T10:47:54.206Z
tiszapolgar-culture	Tiszapolgár culture															80	["Wikidata"]	Archaeological culture recorded in Wikidata.	Q1263312	http://www.wikidata.org/entity/Q1263312	2026-07-08T10:47:54.206Z
tiwanaku-polity-culture	Tiwanaku polity		{"lat":-16.5565339,"lng":-68.6739234}		300	1150	300 CE–1150 CE									80	["Wikidata"]	Archaeological culture recorded in Wikidata.	Q1307407	http://www.wikidata.org/entity/Q1307407	2026-07-08T10:47:54.206Z
trialeti-vanadzor-culture	Trialeti-Vanadzor culture															80	["Wikidata"]	Archaeological culture recorded in Wikidata.	Q169320	http://www.wikidata.org/entity/Q169320	2026-07-08T10:47:54.206Z
trzciniec-culture	Trzciniec culture														["lusatian-culture"]	80	["Wikidata"]	Archaeological culture recorded in Wikidata.	Q2537330	http://www.wikidata.org/entity/Q2537330	2026-07-08T10:47:54.206Z
tumulus-culture	Tumulus culture													["unetice-culture"]	["urnfield-culture"]	80	["Wikidata"]	Archaeological culture recorded in Wikidata.	Q603383	http://www.wikidata.org/entity/Q603383	2026-07-08T10:47:54.206Z
ubaid-period	Ubaid period		{"lat":30.972222222,"lng":46.030555555}											["samarra-culture"]	["uruk-period"]	80	["Wikidata"]	Archaeological culture recorded in Wikidata.	Q245156	http://www.wikidata.org/entity/Q245156	2026-07-08T10:47:54.206Z
unetice-culture	Unetice culture													["bell-beaker-culture"]	["tumulus-culture"]	80	["Wikidata"]	Archaeological culture recorded in Wikidata.	Q773818	http://www.wikidata.org/entity/Q773818	2026-07-08T10:47:54.206Z
upper-xiajiadian-culture	Upper Xiajiadian culture		{"lat":42.353318,"lng":119.162946}													80	["Wikidata"]	Archaeological culture recorded in Wikidata.	Q1075080	http://www.wikidata.org/entity/Q1075080	2026-07-08T10:47:54.206Z
urnfield-culture	Urnfield culture													["tumulus-culture","terramare-cultura","apennine-culture"]	["hallstatt-culture","lusatian-culture","golasecca-culture","proto-villanovan-culture"]	80	["Wikidata"]	Archaeological culture recorded in Wikidata.	Q223998	http://www.wikidata.org/entity/Q223998	2026-07-08T10:47:54.206Z
uruk-period	Uruk period		{"lat":31.324167,"lng":45.637222}											["ubaid-period"]	["jemdet-nasr-period","early-dynastic-period"]	80	["Wikidata"]	Archaeological culture recorded in Wikidata.	Q731494	http://www.wikidata.org/entity/Q731494	2026-07-08T10:47:54.206Z
valdivia-culture	Valdivia culture															80	["Wikidata"]	Archaeological culture recorded in Wikidata.	Q1755426	http://www.wikidata.org/entity/Q1755426	2026-07-08T10:47:54.206Z
varna-culture	Varna culture															80	["Wikidata"]	Archaeological culture recorded in Wikidata.	Q1859432	http://www.wikidata.org/entity/Q1859432	2026-07-08T10:47:54.206Z
vedas	Vedas				-1500		from 1500 BCE									80	["Wikidata"]	Archaeological culture recorded in Wikidata.	Q39950	http://www.wikidata.org/entity/Q39950	2026-07-08T10:47:54.206Z
vicus-culture	Vicús culture															80	["Wikidata"]	Archaeological culture recorded in Wikidata.	Q1707945	http://www.wikidata.org/entity/Q1707945	2026-07-08T10:47:54.206Z
villanovan-culture	Villanovan culture				-899	-719	899 BCE–719 BCE							["proto-villanovan-culture"]		80	["Wikidata"]	Archaeological culture recorded in Wikidata.	Q587309	http://www.wikidata.org/entity/Q587309	2026-07-08T10:47:54.206Z
vinca-culture	Vinča culture															80	["Wikidata"]	Archaeological culture recorded in Wikidata.	Q831336	http://www.wikidata.org/entity/Q831336	2026-07-08T10:47:54.206Z
vucedol-culture	Vučedol culture		{"lat":45.35,"lng":19}											["baden-culture"]		80	["Wikidata"]	Archaeological culture recorded in Wikidata.	Q922829	http://www.wikidata.org/entity/Q922829	2026-07-08T10:47:54.206Z
wari-culture	Wari				600	900	600 CE–900 CE									80	["Wikidata"]	Archaeological culture recorded in Wikidata.	Q605340	http://www.wikidata.org/entity/Q605340	2026-07-08T10:47:54.206Z
wessex-culture	Wessex culture															80	["Wikidata"]	Archaeological culture recorded in Wikidata.	Q719139	http://www.wikidata.org/entity/Q719139	2026-07-08T10:47:54.206Z
wielbark-culture	Wielbark culture		{"lat":54.033,"lng":19.05}											["oksywie-culture"]	["chernyakhov-culture"]	80	["Wikidata"]	Archaeological culture recorded in Wikidata.	Q700039	http://www.wikidata.org/entity/Q700039	2026-07-08T10:47:54.206Z
xinglongwa-culture	Xinglongwa culture		{"lat":42.4625,"lng":120.284}													80	["Wikidata"]	Archaeological culture recorded in Wikidata.	Q1154021	http://www.wikidata.org/entity/Q1154021	2026-07-08T10:47:54.206Z
xinle-culture	Xinle culture		{"lat":41.8475,"lng":123.4153}													80	["Wikidata"]	Archaeological culture recorded in Wikidata.	Q1297733	http://www.wikidata.org/entity/Q1297733	2026-07-08T10:47:54.206Z
yamnaya-culture	Yamnaya culture													["serednii-stih-culture"]		80	["Wikidata"]	Archaeological culture recorded in Wikidata.	Q426737	http://www.wikidata.org/entity/Q426737	2026-07-08T10:47:54.206Z
yangshao-culture	Yangshao culture		{"lat":36.3,"lng":109.1}													80	["Wikidata"]	Archaeological culture recorded in Wikidata.	Q854631	http://www.wikidata.org/entity/Q854631	2026-07-08T10:47:54.206Z
yarmukian-culture	Yarmukian culture													["khiamian"]		80	["Wikidata"]	Archaeological culture recorded in Wikidata.	Q2915635	http://www.wikidata.org/entity/Q2915635	2026-07-08T10:47:54.206Z
yayoi-period	Yayoi period													["jomon-period"]		80	["Wikidata"]	Archaeological culture recorded in Wikidata.	Q207858	http://www.wikidata.org/entity/Q207858	2026-07-08T10:47:54.206Z
yaz-culture	Yaz culture		{"lat":37.751681,"lng":61.998381}													80	["Wikidata"]	Archaeological culture recorded in Wikidata.	Q2120200	http://www.wikidata.org/entity/Q2120200	2026-07-08T10:47:54.206Z
zarubintsy-culture	Zarubintsy culture													["la-tene-culture","pomeranian-culture"]	["kyiv-culture","prague-culture"]	80	["Wikidata"]	Archaeological culture recorded in Wikidata.	Q2015677	http://www.wikidata.org/entity/Q2015677	2026-07-08T10:47:54.206Z
zarzian-culture	Zarzian culture													["baradostian-culture"]		80	["Wikidata"]	Archaeological culture recorded in Wikidata.	Q647858	http://www.wikidata.org/entity/Q647858	2026-07-08T10:47:54.206Z
zhangzhung	Zhangzhung				-500	625	500 BCE–625 CE									80	["Wikidata"]	Archaeological culture recorded in Wikidata.	Q1358851	http://www.wikidata.org/entity/Q1358851	2026-07-08T10:47:54.206Z
