id	name	native_name	region	coordinates	time_origin	time_end	associated_language_ids	dance_type	associated_music_tradition_ids	costumes	key_movements	cultural_significance	description	wikidata_qid	source_url	retrieved_at	confidence	sources
alunelul	Alunelul							folk					type of dance	Q2840545	http://www.wikidata.org/entity/Q2840545	2026-07-08T11:21:54.802Z	0.8	["Wikidata"]
angloise	Angloise							folk					English country dance	Q4763716	http://www.wikidata.org/entity/Q4763716	2026-07-08T11:21:54.802Z	0.8	["Wikidata"]
awa-dance-festival	Awa Dance Festival		Japan	{"lat":35,"lng":136}				folk					type of dance	Q1185363	http://www.wikidata.org/entity/Q1185363	2026-07-08T11:21:54.802Z	0.8	["Wikidata"]
bacha-nagma	Bacha Nagma							folk					type of dance	Q85744741	http://www.wikidata.org/entity/Q85744741	2026-07-08T11:21:54.802Z	0.8	["Wikidata"]
borborbor	Borborbor							folk					Ghanaian and Togolese traditional dance	Q4944382	http://www.wikidata.org/entity/Q4944382	2026-07-08T11:21:54.802Z	0.8	["Wikidata"]
chaap	Chaap							folk					baloch folk dance	Q111317655	http://www.wikidata.org/entity/Q111317655	2026-07-08T11:21:54.802Z	0.8	["Wikidata"]
chapelloise	Chapelloise							folk					dance	Q1062722	http://www.wikidata.org/entity/Q1062722	2026-07-08T11:21:54.802Z	0.8	["Wikidata"]
chumak	chumak							folk					type of dance	Q5116137	http://www.wikidata.org/entity/Q5116137	2026-07-08T11:21:54.802Z	0.8	["Wikidata"]
circassian-circle	Circassian circle							folk					type of dance	Q2533237	http://www.wikidata.org/entity/Q2533237	2026-07-08T11:21:54.802Z	0.8	["Wikidata"]
clogging	clogging		United States	{"lat":39.828175,"lng":-98.5795}				folk					North American fast-footwork folk dance	Q488656	http://www.wikidata.org/entity/Q488656	2026-07-08T11:21:54.802Z	0.8	["Wikidata"]
cocolo	cocolo		Dominican Republic	{"lat":18.8,"lng":-70.2}				folk					folk dance from the Dominican Republic	Q22092272	http://www.wikidata.org/entity/Q22092272	2026-07-08T11:21:54.802Z	0.8	["Wikidata"]
combat-hopak	combat hopak		Ukraine	{"lat":49,"lng":32}				folk					type of dance	Q4090105	http://www.wikidata.org/entity/Q4090105	2026-07-08T11:21:54.802Z	0.8	["Wikidata"]
contra-dance	contra dance		France	{"lat":47,"lng":2}				folk					folk dance with mixed European origins, featuring long lines of couples	Q747339	http://www.wikidata.org/entity/Q747339	2026-07-08T11:21:54.802Z	0.8	["Wikidata"]
dances-of-sticks-and-ribbons	dances of sticks and ribbons							folk					European ancestral dances derived from ancient war dances that use sticks and ribbons	Q8353858	http://www.wikidata.org/entity/Q8353858	2026-07-08T11:21:54.802Z	0.8	["Wikidata"]
dansants-de-peniscola	Dansants de Peníscola							folk					folk dance from Peníscola	Q104296047	http://www.wikidata.org/entity/Q104296047	2026-07-08T11:21:54.802Z	0.8	["Wikidata"]
danza-de-tijeras	Danza de tijeras		Peru	{"lat":-9.4,"lng":-76}				folk					dance from the Andes, Peru	Q5221455	http://www.wikidata.org/entity/Q5221455	2026-07-08T11:21:54.802Z	0.8	["Wikidata"]
dhan-nach	Dhan Nach		Nepal	{"lat":28,"lng":84}				folk					Nepali folk dance	Q13182447	http://www.wikidata.org/entity/Q13182447	2026-07-08T11:21:54.802Z	0.8	["Wikidata"]
egg-dance	egg dance							folk					traditional Easter game to manipulate eggs with the feet without breaking them	Q5347839	http://www.wikidata.org/entity/Q5347839	2026-07-08T11:21:54.802Z	0.8	["Wikidata"]
ewoya-dance	Ewoya Dance		Uganda	{"lat":1.28,"lng":32.39}				folk					traditional folk dance of the Jie people found in North-Eastern Uganda	Q124412659	http://www.wikidata.org/entity/Q124412659	2026-07-08T11:21:54.802Z	0.8	["Wikidata"]
faroese-dance	Faroese dance							folk					style of dance	Q615031	http://www.wikidata.org/entity/Q615031	2026-07-08T11:21:54.802Z	0.8	["Wikidata"]
furlana	furlana							folk					Italian folk dance	Q1475008	http://www.wikidata.org/entity/Q1475008	2026-07-08T11:21:54.802Z	0.8	["Wikidata"]
ghatu-dance	Ghatu dance		Nepal	{"lat":28,"lng":84}				folk					Nepalese dance form of Gurung people	Q113541813	http://www.wikidata.org/entity/Q113541813	2026-07-08T11:21:54.802Z	0.8	["Wikidata"]
grossvater-tanz	Grossvater Tanz							folk					type of dance	Q5610623	http://www.wikidata.org/entity/Q5610623	2026-07-08T11:21:54.802Z	0.8	["Wikidata"]
hokey-pokey	Hokey Pokey							folk					participation song and dance	Q3643110	http://www.wikidata.org/entity/Q3643110	2026-07-08T11:21:54.802Z	0.8	["Wikidata"]
huaconada	Huaconada		Peru	{"lat":-9.4,"lng":-76}				folk					Peruvian dance	Q604820	http://www.wikidata.org/entity/Q604820	2026-07-08T11:21:54.802Z	0.8	["Wikidata"]
hunguhungu	Hunguhungu							folk					type of dance	Q5943571	http://www.wikidata.org/entity/Q5943571	2026-07-08T11:21:54.802Z	0.8	["Wikidata"]
international-folk-dance	international folk dance							folk					Variety of ethnic dance traditions	Q6054681	http://www.wikidata.org/entity/Q6054681	2026-07-08T11:21:54.802Z	0.8	["Wikidata"]
jera	Jera		Ghana	{"lat":7.9465,"lng":-1.0232}				folk					Ghanaian traditional dance	Q94688020	http://www.wikidata.org/entity/Q94688020	2026-07-08T11:21:54.802Z	0.8	["Wikidata"]
kaerajaan	kaerajaan							folk					type of dance	Q12366001	http://www.wikidata.org/entity/Q12366001	2026-07-08T11:21:54.802Z	0.8	["Wikidata"]
kamsale	Kamsale		India	{"lat":22.8,"lng":83}				folk					Folk art	Q6359708	http://www.wikidata.org/entity/Q6359708	2026-07-08T11:21:54.802Z	0.8	["Wikidata"]
kara-jorgo	Kara Jorgo							folk					Traditional Kazakh dance.	Q19656079	http://www.wikidata.org/entity/Q19656079	2026-07-08T11:21:54.802Z	0.8	["Wikidata"]
karsilamas	Karsilamas		Turkey	{"lat":39,"lng":36}				folk					type of dance	Q3556333	http://www.wikidata.org/entity/Q3556333	2026-07-08T11:21:54.802Z	0.8	["Wikidata"]
kartuli	Kartuli							folk					Georgian folk pair dance	Q4216273	http://www.wikidata.org/entity/Q4216273	2026-07-08T11:21:54.802Z	0.8	["Wikidata"]
kazagi	Kazagi							folk					type of dance	Q5691460	http://www.wikidata.org/entity/Q5691460	2026-07-08T11:21:54.802Z	0.8	["Wikidata"]
khamba-thoibi-jagoi	Khamba Thoibi Jagoi		Manipur State	{"lat":24.8167,"lng":93.95}				folk					traditional ancient classical dance form originated from Ancient Moirang province of Manipur (Kangleipak) realm	Q107612872	http://www.wikidata.org/entity/Q107612872	2026-07-08T11:21:54.802Z	0.8	["Wikidata"]
kummi	Kummi							folk					folk dance from Tamil Nadu and Kerala in India, danced by women in a circle	Q3534322	http://www.wikidata.org/entity/Q3534322	2026-07-08T11:21:54.802Z	0.8	["Wikidata"]
la-raspa	La Raspa							folk					type of dance	Q6464763	http://www.wikidata.org/entity/Q6464763	2026-07-08T11:21:54.802Z	0.8	["Wikidata"]
los-negritos-dance	Los Negritos dance							folk					type of dance	Q5799207	http://www.wikidata.org/entity/Q5799207	2026-07-08T11:21:54.802Z	0.8	["Wikidata"]
maach	Maach							folk					folk theatre	Q13560108	http://www.wikidata.org/entity/Q13560108	2026-07-08T11:21:54.802Z	0.8	["Wikidata"]
magunatip	magunatip							folk					Murut dance	Q7447200	http://www.wikidata.org/entity/Q7447200	2026-07-08T11:21:54.802Z	0.8	["Wikidata"]
mizmar	Mizmar		Egypt	{"lat":27,"lng":29}				folk					folkloric dance	Q12242512	http://www.wikidata.org/entity/Q12242512	2026-07-08T11:21:54.802Z	0.8	["Wikidata"]
monferrina	monferrina							folk					Italian folk dance	Q3320628	http://www.wikidata.org/entity/Q3320628	2026-07-08T11:21:54.802Z	0.8	["Wikidata"]
moribayassa	Moribayassa							folk					traditional dance in Guinea	Q3324074	http://www.wikidata.org/entity/Q3324074	2026-07-08T11:21:54.802Z	0.8	["Wikidata"]
paraguayan-bottle-dance	Paraguayan bottle dance							folk					Folk dance tradition recorded in Wikidata.	Q96398402	http://www.wikidata.org/entity/Q96398402	2026-07-08T11:21:54.802Z	0.8	["Wikidata"]
passepied	Passepied							folk					French court dance	Q902965	http://www.wikidata.org/entity/Q902965	2026-07-08T11:21:54.802Z	0.8	["Wikidata"]
qhapaq-negro	Qhapaq negro							folk					type of dance	Q17086598	http://www.wikidata.org/entity/Q17086598	2026-07-08T11:21:54.802Z	0.8	["Wikidata"]
rheinlander	Rheinlander							folk					type of dance	Q690523	http://www.wikidata.org/entity/Q690523	2026-07-08T11:21:54.802Z	0.8	["Wikidata"]
rigaudon	rigaudon							folk					cheerful Baroque dance movement in duple meter	Q383845	http://www.wikidata.org/entity/Q383845	2026-07-08T11:21:54.802Z	0.8	["Wikidata"]
saidi	Saidi							folk					Egyptian folk dance	Q546517	http://www.wikidata.org/entity/Q546517	2026-07-08T11:21:54.802Z	0.8	["Wikidata"]
seises	Seises							folk					type of dance	Q6123993	http://www.wikidata.org/entity/Q6123993	2026-07-08T11:21:54.802Z	0.8	["Wikidata"]
sevillanas	sevillanas		Spain	{"lat":40.2,"lng":-3.5}				folk					musical genre, folk song and dance	Q976634	http://www.wikidata.org/entity/Q976634	2026-07-08T11:21:54.802Z	0.8	["Wikidata"]
siddavesa	Siddavesa							folk					folk dance	Q31830689	http://www.wikidata.org/entity/Q31830689	2026-07-08T11:21:54.802Z	0.8	["Wikidata"]
soran-bushi	Sōran Bushi		Japan	{"lat":35,"lng":136}				folk					traditional Japanese dance	Q7667610	http://www.wikidata.org/entity/Q7667610	2026-07-08T11:21:54.802Z	0.8	["Wikidata"]
square-dance	square dance							folk					dance for four couples (eight dancers) arranged in a square	Q1156994	http://www.wikidata.org/entity/Q1156994	2026-07-08T11:21:54.802Z	0.8	["Wikidata"]
syabru-dance	Syabru dance		Nepal	{"lat":28,"lng":84}				folk					Himalayan traditional folk dance from Nepal	Q114552797	http://www.wikidata.org/entity/Q114552797	2026-07-08T11:21:54.802Z	0.8	["Wikidata"]
tahtib	tahtib		Egypt	{"lat":27,"lng":29}				folk					Egyptian martial art and folk dance	Q254093	http://www.wikidata.org/entity/Q254093	2026-07-08T11:21:54.802Z	0.8	["Wikidata"]
torch-dance	torch dance							folk					type of dance	Q1391675	http://www.wikidata.org/entity/Q1391675	2026-07-08T11:21:54.802Z	0.8	["Wikidata"]
two-rhythm-dance	Two-Rhythm Dance							folk					Zwiefache is a typical Bavarian-Bohemian musical genre that is played, danced and sung	Q244630	http://www.wikidata.org/entity/Q244630	2026-07-08T11:21:54.802Z	0.8	["Wikidata"]
volkspele	Volkspele							folk					South African folk dance tradition	Q7940288	http://www.wikidata.org/entity/Q7940288	2026-07-08T11:21:54.802Z	0.8	["Wikidata"]
zambra	Zambra		Spain	{"lat":40.2,"lng":-3.5}				folk					style of flamenco dance	Q2572946	http://www.wikidata.org/entity/Q2572946	2026-07-08T11:21:54.802Z	0.8	["Wikidata"]
