id	glottocode	source_url	retrieved_at	confidence	sources
aap	para1310				
aau	abau1245				
abk	abkh1244				
aca	acha1250				
ace	achi1257				
acr	achi1256				
acu	achu1248				
ady	adyg1241				
agr	agua1253				
agx	aghu1253				
aht	ahte1237				
ain	ainu1252				
ake	akaw1239				
akq	akkk1240				
akz	alab1237				
ale	aleu1260				
alt	sout2694				
amc	amah1246				
ame	yane1238				
amh	amha1245				
ami	amis1246				
anq	jara1245				
aoc	pemo1248				
aon	bumb1241				
ape	buki1249				
apj	jica1244				
apk	kiow1264				
apl	lipa1241				
apm	mesc1238				
apw	west2615				
apy	apal1257				
aqc	arch1244				
aqz	akun1241				
arh	arhu1242				
ari	arik1262				
ark	arik1265				
arn	mapu1245				
arp	arap1274				
arr	karo1305				
arw	araw1276				
atr	waim1253				
ats	gros1243				
ava	avar1256				
awa	awad1243				
awe	awet1244				
ayo	zamu1245				
aze	azer1255				
azj	nort2697	https://glottolog.org/resource/languoid/id/nort2697	2026-07-12T17:55:31.537Z	0.9	["Glottolog (glottocode joined via the LexiBank/CLDF words.tsv Glottocode column)"]
bak	bash1264				
bbl	bats1242				
bck	buna1275				
bdy	band1339				
bea	beav1236				
bel	bela1254				
ben	beng1280	https://glottolog.org/resource/languoid/id/beng1280	2026-07-12T17:55:31.537Z	0.9	["Glottolog (glottocode joined via the LexiBank/CLDF words.tsv Glottocode column)"]
bkq	baka1277				
bla	siks1238				
blc	bell1243				
bor	boro1282				
bre	bret1244				
brg	baur1253				
brh	brah1256				
brn	boru1252				
brx	bodo1269				
bsk	buru1296				
bsn	bara1380				
bua	buri1258				
buh	youn1235				
bul	bulg1262				
bwi	bani1255				
bzd	brib1243				
caa	chor1273				
cac	chuj1250				
cad	cadd1256				
cag	niva1238				
cak	kaqc1270				
cao	chac1251				
caq	carn1240				
car	gali1262				
cat	stan1289	https://glottolog.org/resource/languoid/id/stan1289	2026-07-12T17:55:31.537Z	0.9	["Glottolog (glottocode joined via the LexiBank/CLDF words.tsv Glottocode column)"]
cay	cayu1261				
cbg	chim1309				
cbi	chac1249				
cbn	nyah1250				
cbr	cash1251				
cbs	cash1254				
cea	lowe1427				
ceb	cebu1242				
ceg	cham1315				
ces	czec1258	https://glottolog.org/resource/languoid/id/czec1258	2026-07-12T17:55:31.537Z	0.9	["Glottolog (glottocode joined via the LexiBank/CLDF words.tsv Glottocode column)"]
cha	cham1312				
chc	cata1286				
che	chec1245				
chf	taba1266				
chl	cahu1264				
cho	choc1276				
chp	chip1261				
chr	cher1273				
chv	chuv1255				
chy	chey1247				
cic	chic1270				
cin	cint1239				
cjh	uppe1439				
cjp	cabe1245				
ckt	chuk1273				
clc	chil1280				
clm	clal1241				
cmn	mand1415	https://glottolog.org/resource/languoid/id/mand1415	2026-07-12T17:55:31.537Z	0.9	["Glottolog (glottocode joined via the LexiBank/CLDF words.tsv Glottocode column)"]
cni	asha1243				
coe	kore1283				
cof	colo1256				
col	colu1241				
coo	como1259				
cor	corn1251				
cow	cowl1242				
cox	nant1250				
coz	choc1279				
crd	coeu1236				
crh	crim1257				
cro	crow1244				
crx	carr1248				
csm	cent2140				
cta	tata1258				
cux	tepe1280				
cym	wels1247				
dak	dako1258				
dan	dani1284				
dar	darg1241				
dbl	dyir1250				
ddo	dido1241				
deu	stan1295				
dgr	dogr1252				
djd	djam1255				
dlm	dalm1243				
drl	darl1243				
dta	daur1238				
dzo	dzon1239				
ekk	esto1258	https://glottolog.org/resource/languoid/id/esto1258	2026-07-12T17:55:31.537Z	0.9	["Glottolog (glottocode joined via the LexiBank/CLDF words.tsv Glottocode column)"]
ell	mode1248	https://glottolog.org/resource/languoid/id/mode1248	2026-07-12T17:55:31.537Z	0.9	["Glottolog (glottocode joined via the LexiBank/CLDF words.tsv Glottocode column)"]
elx	elam1244				
ems	paci1278				
enf	fore1265				
eng	stan1293	https://glottolog.org/resource/languoid/id/stan1293	2026-07-12T17:55:31.537Z	0.9	["Glottolog (glottocode joined via the LexiBank/CLDF words.tsv Glottocode column)"]
enx	sout2989				
esu	cent2127				
eus	basq1248				
fij	fiji1243				
fin	finn1318				
fla	kali1308				
fra	stan1290				
ful	fula1264				
gag	gaga1249				
gha	ghad1239				
gil	gilb1244				
git	gitx1241				
gld	nana1257				
gle	iris1253				
glv	manx1243				
gnk	gana1274				
gon	nort3258				
grn	tupi1282				
gta	guat1253				
gub	guaj1255				
guc	wayu1243				
guf	gupa1247				
gum	guam1248				
guq	ache1244				
gut	male1297				
gvo	gavi1246				
gwi	gwic1235				
gwj	gwii1239				
gym	ngab1239				
haa	hann1241				
hau	haus1257				
haw	hawa1245				
hax	sout2956				
hch	huic1243				
hdn	nort2938				
heb	hebr1246				
hei	heil1246				
hid	hida1246				
hin	hind1269	https://glottolog.org/resource/languoid/id/hind1269	2026-07-12T17:55:31.537Z	0.9	["Glottolog (glottocode joined via the LexiBank/CLDF words.tsv Glottocode column)"]
hit	hitt1242				
hix	hixk1239				
hnh	anii1246				
hoc	hooo1248				
hop	hopi1249				
hrv	croa1245	https://glottolog.org/resource/languoid/id/croa1245	2026-07-12T17:55:31.537Z	0.9	["Glottolog (glottocode joined via the LexiBank/CLDF words.tsv Glottocode column)"]
hub	huam1247				
hun	hung1274				
hup	hupa1239				
hur	halk1245				
huv	sanm1287				
hve	sand1278				
hye	arme1241				
ibo	nucl1417				
inb	inga1252				
ing	dege1248				
inh	ingu1240				
iow	iowa1245				
iqu	iqui1243				
isl	icel1247				
ita	ital1282				
itl	itel1242				
itz	itza1241				
ixc	ixca1245				
ixl	ixil1251				
jac	popt1235				
jbt	djeo1235				
jiv	shua1257				
jje	jeju1234				
jpn	nucl1643				
jur	juru1256				
kab	kaby1243				
kal	gree1280				
kan	nucl1305				
kaq	capa1241				
kat	nucl1302				
kay	kama1373				
kaz	kaza1248				
kbd	kaba1278				
kca	khan1273	https://glottolog.org/resource/languoid/id/khan1273	2026-07-12T17:55:31.537Z	0.9	["Glottolog (glottocode joined via the LexiBank/CLDF words.tsv Glottocode column)"]
kcy	kora1291				
kdd	yank1247				
kdt	kuyy1240				
kee	east1472				
kek	kekc1242				
kfq	kork1243				
kfx	kull1236				
kgg	kusu1250				
kgp	kain1271				
kgs	kumb1268				
kha	khas1269				
khk	halh1238	https://glottolog.org/resource/languoid/id/halh1238	2026-07-12T17:55:31.537Z	0.9	["Glottolog (glottocode joined via the LexiBank/CLDF words.tsv Glottocode column)"]
khm	cent1989				
khr	khar1287				
khv	khva1239				
kic	kick1244				
kio	kiow1266				
kir	kirg1245				
kjb	qanj1241				
kjh	khak1248				
kjq	west2632				
kju	kash1280				
kky	gugu1255				
kkz	kask1239				
kla	klam1254				
kld	gami1243				
klj	turk1303				
kmr	nort2641	https://glottolog.org/resource/languoid/id/nort2641	2026-07-12T17:55:31.537Z	0.9	["Glottolog (glottocode joined via the LexiBank/CLDF words.tsv Glottocode column)"]
knj	west2635				
knt	pano1254				
kog	cogu1240				
koi	komi1269				
kor	kore1280				
koy	koyu1237				
kpc	curr1243				
kpv	komi1268	https://glottolog.org/resource/languoid/id/komi1268	2026-07-12T17:55:31.537Z	0.9	["Glottolog (glottocode joined via the LexiBank/CLDF words.tsv Glottocode column)"]
kqq	kren1239				
kqz	kora1292				
krc	kara1465				
kre	pana1307				
krl	kare1335				
ksk	kans1243				
ktn	kari1311				
ktx	kaxa1239				
kum	kumy1244				
kuu	uppe1438				
kwk	kwak1269				
kwz	kwad1244				
kxv	kuvi1243				
kyh	karo1304				
lac	laca1243				
lav	latv1249				
lbe	lakk1252				
lbj	lada1244				
len	lenc1239				
lez	lezg1247				
lil	lill1248				
lit	lith1251				
liv	livv1244				
lkt	lako1247				
lui	luis1253				
lut	lush1252				
lzz	lazz1240				
mal	mala1464	https://glottolog.org/resource/languoid/id/mala1464	2026-07-12T17:55:31.537Z	0.9	["Glottolog (glottocode joined via the LexiBank/CLDF words.tsv Glottocode column)"]
mam	mamm1241				
mav	sate1243				
mbl	maxa1247				
mbp	mala1522				
mca	maca1260				
mcb	mach1267				
mcd	shar1245				
mcf	mats1244				
mch	maqu1238				
mdf	moks1248				
mez	meno1252				
mhq	mand1446				
mhr	east2328				
mia	miam1252				
mic	mikm1235				
mik	mika1239				
miq	misk1235				
mir	isth1238				
mjd	nort2951				
mlt	malt1254				
mmh	mehi1240				
mnc	manc1252				
mni	mani1292				
mnr	mono1275				
mns	mans1258	https://glottolog.org/resource/languoid/id/mans1258	2026-07-12T17:55:31.537Z	0.9	["Glottolog (glottocode joined via the LexiBank/CLDF words.tsv Glottocode column)"]
mnw	monn1252				
moc	moco1246				
moe	mont1268				
moh	moha1258				
mom	moni1237				
mop	mopa1243				
mos	moss1236				
mot	bari1297				
mpj	mart1256				
mpq	mati1255				
mrc	mari1440				
mri	maor1246				
mrj	kozy1238				
mus	cree1270				
mvi	miya1259				
mya	nucl1310				
myh	maka1318				
myu	mund1330				
myv	erzy1239				
mzr	maru1252				
nav	nava1243				
ncz	natc1249				
neg	negi1245				
new	newa1246				
nez	nezp1238				
ngh	nuuu1241				
nhd	apap1240				
nio	ngan1291				
niv	gily1242				
nld	dutc1256	https://glottolog.org/resource/languoid/id/dutc1256	2026-07-12T17:55:31.537Z	0.9	["Glottolog (glottocode joined via the LexiBank/CLDF words.tsv Glottocode column)"]
nll	niha1238				
nmn	taaa1242				
nmu	nort2952				
noa	woun1238				
nok	nook1247				
nor	norw1258				
not	noma1263				
noy	noyy1238				
nsk	nask1242				
nsq	nort2968				
ntj	ngaa1240				
nya	nyan1308				
nys	nyun1247				
oaa	orok1265				
obt	oldb1248				
oca	ocai1244				
oji	ojib1241				
oka	okan1243				
olo	livv1243				
oma	omah1247				
one	onei1249				
ono	onon1246				
ood	toho1245				
oon	onge1236				
opy	ofay1240				
ore	orej1242				
osa	osag1243				
oss	osse1243	https://glottolog.org/resource/languoid/id/osse1243	2026-07-12T17:55:31.537Z	0.9	["Glottolog (glottocode joined via the LexiBank/CLDF words.tsv Glottocode column)"]
otm	east2556				
oym	waya1270				
pab	pare1272				
paw	pawn1254				
pay	pech1241				
pbh	enap1235				
pbs	cent2145				
pbu	nort2646	https://glottolog.org/resource/languoid/id/nort2646	2026-07-12T17:55:31.537Z	0.9	["Glottolog (glottocode joined via the LexiBank/CLDF words.tsv Glottocode column)"]
pcp	paca1246				
pef	nort2967				
pes	west2369	https://glottolog.org/resource/languoid/id/west2369	2026-07-12T17:55:31.537Z	0.9	["Glottolog (glottocode joined via the LexiBank/CLDF words.tsv Glottocode column)"]
pib	yine1238				
pio	piap1246				
piu	pint1250				
pjt	pitj1243				
plg	pila1245				
plo	olut1240				
plu	pali1279				
pno	pano1255				
pnu	jion1236				
poh	poqo1254				
poi	high1276				
pol	poli1260				
pom	sout2982				
poo	cent2138				
poq	texi1237				
por	port1283				
pot	pota1247				
ppl	pipi1250				
pqm	male1292				
pto	zoee1240				
pur	puru1264				
pwi	patw1250				
pyn	poya1241				
qua	quap1242				
quc	kich1262				
qug	chim1302				
quh	sout2991				
quk	chac1250				
qul	nort2976				
qun	quin1251				
qus	sant1432				
qux	yauy1235				
quy	ayac1239				
quz	cusc1236				
qvc	caja1238				
qvi	imba1240				
qvp	paca1245				
rif	tari1263				
rkb	rikb1245				
rma	rama1270				
ron	roma1327				
rus	russ1263				
rut	rutu1240				
rys	yaey1239				
ryu	cent2126				
sab	bugl1243				
sac	foxx1245				
sah	yaku1245				
sat	sant1410				
sea	sema1266				
sec	sech1246				
see	sene1264				
sei	seri1257				
sek	seka1250				
sel	selk1253	https://glottolog.org/resource/languoid/id/selk1253	2026-07-12T17:55:31.537Z	0.9	["Glottolog (glottocode joined via the LexiBank/CLDF words.tsv Glottocode column)"]
ser	serr1255				
shh	shos1248				
shs	shus1248				
shx	shee1238				
siz	siwi1239				
sjd	kild1236				
sjw	shaw1249				
slk	slov1269				
slr	sala1264				
slv	slov1268				
sma	sout2674				
sme	nort2671				
smj	lule1254				
smn	inar1241				
smo	samo1305				
sms	skol1241				
snn	sion1247				
som	soma1255				
spa	stan1288				
spn	nucl1655				
sqi	alba1267				
squ	squa1248				
srb	sora1254				
srq	siri1273				
srs	sars1236				
sru	suru1262				
sto	ston1242				
str	stra1244				
sum	sumu1234				
suy	suya1243				
sva	svan1243				
swe	swed1254	https://glottolog.org/resource/languoid/id/swed1254	2026-07-12T17:55:31.537Z	0.9	["Glottolog (glottocode joined via the LexiBank/CLDF words.tsv Glottocode column)"]
tab	taba1259				
tao	yami1254				
tat	tata1255				
tav	tatu1247				
tcy	tulu1258				
tdd	tain1252				
tea	temi1246				
tel	telu1262				
ter	tere1280				
tfn	tana1289				
tfr	teri1250				
tha	thai1261				
thd	thay1249				
thp	thom1243				
tht	tahl1239				
thv	taha1241				
til	till1254				
tiw	tiwi1244				
tix	sout2961				
tli	tlin1245				
tmh	tuar1240				
tnc	tani1257				
tob	toba1269				
tol	tolo1259				
tow	jeme1245				
tpj	tapi1253				
tpr	tupa1250				
tsi	nucl1649				
tsz	pure1242				
tuk	turk1304				
tun	tuni1252				
tuo	tuca1252				
tur	nucl1301				
tus	tusc1257				
twa	twan1247				
txi	ikpe1245				
txu	kaya1330				
tyu	kuaa1238				
tyv	tuvi1240				
tzj	tzut1248				
uby	ubyk1235				
ude	udih1248				
udm	udmu1245				
ukr	ukra1253				
ulc	ulch1241				
unk	enaw1238				
unm	unam1242				
unr	mund1320				
urb	urub1250				
ute	utes1238				
uzb	uzbe1247				
uzn	nort2690	https://glottolog.org/resource/languoid/id/nort2690	2026-07-12T17:55:31.537Z	0.9	["Glottolog (glottocode joined via the LexiBank/CLDF words.tsv Glottocode column)"]
vep	veps1250				
vie	viet1252				
vil	vile1241				
wac	wasc1239				
wao	wapp1239				
wap	wapi1253				
was	wash1253				
wau	waur1244				
waw	waiw1244				
wbp	warl1254				
wic	wich1260				
wim	wikm1247				
wiy	wiyo1248				
wrh	wira1262				
wrm	waru1265				
wro	worr1237				
wya	wyan1247				
xam	xamm1241				
xav	xava1240				
xcv	chuv1256				
xdk	sydn1236				
xeg	xegw1238				
xer	xere1240				
xet	xeta1241				
xho	xhos1239				
xhu	hurr1240				
xii	xiri1242				
xin	xinc1247				
xmf	ming1252				
xok	xokl1240				
xor	koru1247				
xra	krah1246				
xsr	sher1255				
xug	kuni1268				
xuu	kxoe1243				
yaa	yami1256				
yaq	yaqu1251				
ykg	nort2745	https://glottolog.org/resource/languoid/id/nort2745	2026-07-12T17:55:31.537Z	0.9	["Glottolog (glottocode joined via the LexiBank/CLDF words.tsv Glottocode column)"]
yoi	yona1241				
yor	yoru1245				
yrk	nene1251				
yrl	nhen1239				
ysr	sire1246				
yuf	hava1248				
yui	yuru1263				
yuk	yuki1243				
yup	yukp1241				
yur	yuro1248				
yux	sout2750				
ywn	yawa1260				
zha	nort3180				
zku	kaur1267				
zoc	copa1236				
zoh	chim1300				
zoq	taba1264				
zro	zapa1253				
zun	zuni1245				
